Name,Label,Owner,Ownership,Proof,Shanai,Kodomo,Type,SubType,Add1,Add2,Y,X,url,TEL,FAX,Full,AgeS,AgeE,Open,Close,H24,Memo,Extra,Temp,Holiday,Night,admitte0,admitte1,admitte2,admitte3,admitte4,admitte5,entry0,entry1,entry2,entry3,entry4,entry5,Vacancy,VacancyDate
南保育園,南保育園,浜松市,公立,,N,N,認可保育所,認可保育所,浜松市中区浅田町73-39,,34.695817,137.735751,http://www.hamamatsu-pippi.net/shiritai/nin_koritsu/2014021907802/,452-1413,,120,産休明,,7:00,19:00,,,Y,,,,0,0,0,0,0,0,0,2,1,0,1,0,,2017年6月30日
鴨江保育園,鴨江保育園,浜松市,公立,,N,N,認可保育所,認可保育所,浜松市中区鴨江二丁目8-1,,34.704838,137.715427,http://www.hamamatsu-pippi.net/shiritai/nin_koritsu/2014021907697/,453-1206,,140,産休明,,7:30,19:00,,,Y,,,,0,0,0,0,1,0,0,3,0,0,1,0,,2017年6月30日
花川保育園,花川保育園,浜松市,公立,,N,N,認可保育所,認可保育所,浜松市中区西丘町1000,,34.777015,137.699115,http://www.hamamatsu-pippi.net/shiritai/nin_koritsu/2014021907932/,436-1205,,80,産休明,,7:30,19:00,,,Y,,,,0,0,0,0,0,1,0,2,0,2,0,1,,2017年6月30日
江西保育園,江西保育園,浜松市,公立,,N,N,認可保育所,認可保育所,浜松市中区神田町176,,34.686865,137.725282,http://www.hamamatsu-pippi.net/shiritai/nin_koritsu/2014021907796/,441-8121,,110,産休明,,7:30,19:00,,,Y,,,,0,0,0,0,0,0,3,1,0,0,0,0,,2017年6月30日
権現谷保育園,権現谷保育園,浜松市,公立,,N,N,認可保育所,認可保育所,浜松市中区富塚町1480-1,,34.731046,137.708673,http://www.hamamatsu-pippi.net/shiritai/nin_koritsu/2014021907789/,474-2765,,140,産休明,,7:30,19:00,,,Y,,,,0,0,0,0,0,0,1,4,0,0,0,0,,2017年6月30日
佐鳴台保育園,佐鳴台保育園,浜松市,公立,,N,N,認可保育所,認可保育所,浜松市中区佐鳴台三丁目30-1,,34.706893,137.696945,http://www.hamamatsu-pippi.net/shiritai/nin_koritsu/2014021907772/,449-0744,,140,産休明,,7:30,19:00,,,Y,,,,0,0,1,0,0,0,3,9,1,0,2,2,,2017年6月30日
寺島保育園,寺島保育園,浜松市,公立,,N,N,認可保育所,認可保育所,浜松市中区寺島町285-5,,34.699875,137.7419,http://www.hamamatsu-pippi.net/shiritai/nin_koritsu/2014021907758/,456-3248,,130,産休明,,7:30,19:00,,,Y,,,,0,0,0,0,0,0,1,8,0,0,0,0,,2017年6月30日
西保育園,西保育園,浜松市,公立,,N,N,認可保育所,認可保育所,浜松市中区布橋二丁目4-17,,34.721855,137.714262,http://www.hamamatsu-pippi.net/shiritai/nin_koritsu/2014021907710/,474-6322,,110,産休明,,7:00,19:00,,,Y,,,,0,0,1,1,1,0,1,1,0,0,0,0,,2017年6月30日
中ノ町保育園,中ノ町保育園,浜松市,公立,,N,N,認可保育所,認可保育所,浜松市東区中野町2598-2,,34.731808,137.800772,http://www.hamamatsu-pippi.net/shiritai/nin_koritsu/2014021908007/,421-0327,,80,産休明,,7:30,19:00,,,Y,,,,0,0,1,0,0,0,1,2,1,0,0,0,,2017年6月30日
積志保育園,積志保育園,浜松市,公立,,N,N,認可保育所,認可保育所,浜松市東区有玉北町1264,,34.764088,137.761001,http://www.hamamatsu-pippi.net/shiritai/nin_koritsu/2014021908090/,434-0138,,120,産休明,,7:30,19:00,,,Y,,,,0,0,0,0,0,1,0,1,0,0,0,0,,2017年6月30日
笠井保育園,笠井保育園,浜松市,公立,,N,N,認可保育所,認可保育所,浜松市東区笠井町1284,,34.7667,137.79136,http://www.hamamatsu-pippi.net/shiritai/nin_koritsu/2014021908052/,434-1636,,90,産休明,,7:00,19:00,,,Y,,,,0,0,0,1,0,1,5,2,1,0,0,0,,2017年6月30日
神田原保育園,神田原保育園,浜松市,公立,,N,N,認可保育所,認可保育所,浜松市西区西山町2150-2,,34.739686,137.683295,http://www.hamamatsu-pippi.net/shiritai/nin_koritsu/2014021908144/,485-8550,,100,産休明,,7:30,19:00,,,Y,,,,0,0,0,0,2,5,0,1,0,1,0,0,,2017年6月30日
舞阪第1保育園,舞阪第1保育園,浜松市,公立,,N,N,認可保育所,認可保育所,浜松市西区舞阪町弁天島3885,,34.6929,137.604,http://www.hamamatsu-pippi.net/shiritai/nin_koritsu/2014021908236/,592-0004,,80,産休明,,7:00,18:30,,,Y,,,,0,0,0,1,1,1,0,0,0,0,0,0,,2017年6月30日
舞阪第2保育園,舞阪第2保育園,浜松市,公立,,N,N,認可保育所,認可保育所,浜松市西区舞阪町舞阪2659-3,,34.683223,137.613668,http://www.hamamatsu-pippi.net/shiritai/nin_koritsu/2014021908243/,592-3552,,90,産休明,,7:00,18:30,,,Y,,,,1,0,0,2,2,2,1,0,0,0,0,0,,2017年6月30日
雄踏保育園　,雄踏保育園　,浜松市,公立,,N,N,認可保育所,認可保育所,浜松市西区雄踏町宇布見5461,,34.702486,137.636785,http://www.hamamatsu-pippi.net/shiritai/nin_koritsu/2014021908229/,592-0502,,140,産休明,,7:00,18:30,,,Y,,,,0,0,0,0,2,0,0,4,0,2,0,0,,2017年6月30日
可美保育園,可美保育園,浜松市,公立,,N,N,認可保育所,認可保育所,浜松市南区若林町70-1,,34.686301,137.701473,http://www.hamamatsu-pippi.net/shiritai/nin_koritsu/2014021908267/,447-0713,,150,産休明,,7:30,19:00,,,Y,,,,0,0,0,0,0,0,3,1,2,0,2,0,,2017年6月30日
三方原保育園,三方原保育園,浜松市,公立,,N,N,認可保育所,認可保育所,浜松市北区東三方町21-1,,34.77553,137.726295,http://www.hamamatsu-pippi.net/shiritai/nin_koritsu/2014021908380/,436-1208,,110,産休明,,7:30,19:00,,,Y,,,,0,0,0,0,0,0,1,2,2,0,2,0,,2017年6月30日
引佐保育園　,引佐保育園　,浜松市,公立,,N,N,認可保育所,認可保育所,浜松市北区引佐町井伊谷717,,34.832412,137.67079,http://www.hamamatsu-pippi.net/shiritai/nin_koritsu/2014021908441/,542-0268,,90,産休明,,7:15,18:45,,,Y,,,,0,0,0,0,2,6,0,4,1,1,0,0,,2017年6月30日
三ヶ日保育園,三ヶ日保育園,浜松市,公立,,N,N,認可保育所,認可保育所,浜松市北区三ヶ日町三ヶ日811-5,,34.806012,137.550716,http://www.hamamatsu-pippi.net/shiritai/nin_koritsu/2014021908458/,525-0955,,120,産休明,,7:30,18:30,,,N,,,,0,1,0,0,2,0,3,2,0,1,0,0,,2017年6月30日
都筑保育園　,都筑保育園　,浜松市,公立,,N,N,認可保育所,認可保育所,浜松市北区三ヶ日町都筑1789-6,,34.795631,137.574705,http://www.hamamatsu-pippi.net/shiritai/nin_koritsu/2014021908465/,526-7751,,90,産休明,,7:30,18:30,,,N,,,,0,0,5,10,4,6,0,2,0,0,0,0,,2017年6月30日
鹿島保育園（民営化に伴い入所停止）,鹿島保育園　,浜松市,公立,,N,N,認可保育所,認可保育所,浜松市天竜区二俣町鹿島529,,34.84793,137.809549,http://www.hamamatsu-pippi.net/shiritai/nin_koritsu/2014021908540/,926-0933,,70,産休明,,7:00,19:00,,,Y,,,,0,0,0,0,0,0,0,0,0,0,0,0,,2017年6月30日
ロイコスプレスクール,ロイコスプレスクール,,私立,,N,N,認可保育所,認可保育所,浜松市中区城北二丁目16-36,,34.72345,137.720042,http://www.hamamatsu-pippi.net/shiritai/nin_shiritsu/2014021907703/,471-0391,,60,産休明,,7:15,18:45,,,Y,,,,0,0,0,0,0,0,1,1,4,1,2,3,,2017年6月30日
こばと保育園,こばと保育園,,私立,,N,N,認可保育所,認可保育所,浜松市中区高林四丁目14-13,,34.730102,137.732547,http://www.hamamatsu-pippi.net/shiritai/nin_shiritsu/2014021907840/,471-0739,,120,産休明,,7:00,19:00,,,Y,,,,1,0,0,0,0,0,1,2,0,0,1,1,,2017年6月30日
天使園子どもの家,天使園子どもの家,,私立,,N,N,認可保育所,認可保育所,浜松市中区成子町23-1,,34.70163,137.726151,http://www.hamamatsu-pippi.net/shiritai/nin_shiritsu/2014021907765/,452-0203,,70,産休明,,7:25,18:55,,,Y,,,,0,0,0,0,0,0,0,1,3,0,0,0,,2017年6月30日
愛恵保育園,愛恵保育園,,私立,,N,N,認可保育所,認可保育所,浜松市中区鴨江三丁目3-37,,34.705987,137.716746,http://www.hamamatsu-pippi.net/shiritai/nin_shiritsu/2014021907680/,453-5526,,70,産休明,,7:00,18:30,,,Y,,,,0,0,0,0,0,0,0,2,0,0,0,0,,2017年6月30日
ヘリオスプレスクール,ヘリオスプレスクール,,私立,,N,N,認可保育所,認可保育所,浜松市中区法枝町124,,34.685957,137.728204,http://www.hamamatsu-pippi.net/shiritai/nin_shiritsu/2014021907949/,442-9198,,110,３カ月,,7:15,18:45,,,Y,,,,0,0,0,0,0,0,0,0,0,0,0,1,,2017年6月30日
すみよし保育園,すみよし保育園,,私立,,N,N,認可保育所,認可保育所,浜松市中区小豆餅四丁目18-2,,34.754439,137.730078,http://www.hamamatsu-pippi.net/shiritai/nin_shiritsu/2014021907895/,414-0001,,110,産休明,,7:00,19:00,,,Y,,,,0,0,0,0,0,0,2,8,1,0,1,0,,2017年6月30日
ルンビニープレスクール,ルンビニープレスクール,,私立,,N,N,認可保育所,認可保育所,浜松市中区北寺島町160,,34.701743,137.740969,http://www.hamamatsu-pippi.net/shiritai/nin_shiritsu/2014021907741/,453-3568,,70,産休明,,7:00,18:30,,,Y,,,,0,0,0,0,0,0,0,0,0,0,0,0,,2017年6月30日
天林寺保育園,天林寺保育園,,私立,,N,N,認可保育所,認可保育所,浜松市中区下池川町27-1,,34.717189,137.729053,http://www.hamamatsu-pippi.net/shiritai/nin_shiritsu/2014021907727/,473-7718,,120,産休明,,7:15,19:00,,,Y,,,,0,0,0,0,1,0,4,6,1,0,0,0,,2017年6月30日
たんぽぽ保育園,たんぽぽ保育園,,私立,,N,N,認可保育所,認可保育所,浜松市中区上島二丁目13-35,,34.741084,137.741646,http://www.hamamatsu-pippi.net/shiritai/nin_shiritsu/2014021907857/,474-2780,,120,産休明,,7:00,19:00,,,Y,,,,0,0,0,0,0,0,0,5,0,1,0,0,,2017年6月30日
住吉第二保育園,住吉第二保育園,,私立,,N,N,認可保育所,認可保育所,浜松市中区住吉一丁目11-25,,34.726002,137.725303,http://www.hamamatsu-pippi.net/shiritai/nin_shiritsu/2014021907888/,474-1125,,90,産休明,,7:00,19:00,,,Y,,,,0,0,0,1,1,0,0,2,0,0,0,1,,2017年6月30日
高丘保育園,高丘保育園,,私立,,N,N,認可保育所,認可保育所,浜松市中区高丘北二丁目25-21,,34.7618,137.70454,http://www.hamamatsu-pippi.net/shiritai/nin_shiritsu/2014021907871/,437-6530,,120,５カ月,,7:00,18:30,,,Y,,,,0,0,0,0,0,0,8,9,5,2,3,0,,2017年6月30日
葵ヶ丘保育園,葵ヶ丘保育園,,私立,,N,N,認可保育所,認可保育所,浜松市中区高丘東三丁目54-18,,34.763506,137.717119,http://www.hamamatsu-pippi.net/shiritai/nin_shiritsu/2014021907864/,437-7952,,130,産休明,,7:00,19:00,,,Y,,,,0,0,0,0,0,0,4,3,1,1,1,1,,2017年6月30日
和合保育園,和合保育園,,私立,,N,N,認可保育所,認可保育所,浜松市中区和合町220-1280,,34.742286,137.708309,http://www.hamamatsu-pippi.net/shiritai/nin_shiritsu/2014021907901/,472-2522,,120,産休明,,7:00,19:00,,,Y,,,,0,0,0,1,0,0,2,0,0,0,0,0,,2017年6月30日
なのはな保育園,なのはな保育園,,私立,,N,N,認可保育所,認可保育所,浜松市中区中央三丁目4-7,,34.707624,137.741222,http://www.hamamatsu-pippi.net/shiritai/nin_shiritsu/2014021907734/,453-2620,,100,産休明,,7:00,19:00,,,Y,,,,0,0,0,0,1,0,4,6,3,0,0,0,,2017年6月30日
れんげ保育園,れんげ保育園,,私立,,N,N,認可保育所,認可保育所,浜松市中区和合北一丁目2-37,,34.736504,137.722297,http://www.hamamatsu-pippi.net/shiritai/nin_shiritsu/2014021907918/,482-8241,,100,産休明,,7:00,19:00,,,Y,,,,0,0,0,0,0,0,2,9,4,0,1,0,,2017年6月30日
中央ながかみ保育園,中央ながかみ保育園,,私立,,N,N,認可保育所,認可保育所,浜松市中区中島二丁目7-8,,34.701539,137.746567,http://www.hamamatsu-pippi.net/shiritai/nin_shiritsu/2015031700018/,467-6600,,120,６カ月,,7:00,19:00,,,Y,,,,0,0,0,1,1,1,1,2,0,0,0,0,,2017年6月30日
ルミーナプレスクール,ルミーナプレスクール,,私立,,N,N,認可保育所,認可保育所,浜松市東区和田町315,,34.715411,137.773223,http://www.hamamatsu-pippi.net/shiritai/nin_shiritsu/2014021907987/,463-1278,,120,６カ月,,7:00,18:30,,,Y,,,,0,0,0,0,0,0,1,5,0,0,0,0,,2017年6月30日
若宮保育園,若宮保育園,,私立,,N,N,認可保育所,認可保育所,浜松市東区大瀬町2050,,34.759106,137.775639,http://www.hamamatsu-pippi.net/shiritai/nin_shiritsu/2014021908076/,433-2727,,140,産休明,,7:00,19:00,,,Y,,,,0,0,0,0,0,0,2,2,0,0,0,0,,2017年6月30日
みどり保育園,みどり保育園,,私立,,N,N,認可保育所,認可保育所,浜松市東区有玉西町1222,,34.762465,137.744589,http://www.hamamatsu-pippi.net/shiritai/nin_shiritsu/2014021908083/,433-9734,,140,産休明,,7:00,19:00,,,Y,,,,0,0,0,0,0,0,3,2,1,0,0,0,,2017年6月30日
浜松東保育園,浜松東保育園,,私立,,N,N,認可保育所,認可保育所,浜松市東区篠ケ瀬町580-3,,34.727651,137.777805,http://www.hamamatsu-pippi.net/shiritai/nin_shiritsu/2014021907970/,421-5590,,150,産休明,,7:00,19:00,,,Y,,,,0,0,1,1,0,0,2,6,2,0,1,0,,2017年6月30日
蒲保育園,蒲保育園,,私立,,N,N,認可保育所,認可保育所,浜松市東区大蒲町95-2,,34.715085,137.766543,http://www.hamamatsu-pippi.net/shiritai/nin_shiritsu/2014021907956/,463-1540,,120,４カ月,,7:00,18:30,,,Y,,,,1,0,0,1,0,0,1,6,0,0,0,0,,2017年6月30日
浜っ子保育園,浜っ子保育園,,私立,,N,N,認可保育所,認可保育所,浜松市東区松小池町340,,34.734143,137.791734,http://www.hamamatsu-pippi.net/shiritai/nin_shiritsu/2014021907994/,421-6800,,110,産休明,,7:00,19:00,,,Y,,,,0,0,0,2,1,0,4,4,2,0,0,0,,2017年6月30日
どんぐり保育園,どんぐり保育園,,私立,,N,N,認可保育所,認可保育所,浜松市東区中郡町1872,,34.769647,137.782058,http://www.hamamatsu-pippi.net/shiritai/nin_shiritsu/2014021908069/,433-5330,,90,産休明,,7:20,18:50,,,Y,,,,0,0,0,0,0,0,1,4,0,0,0,0,,2017年6月30日
ながかみ保育園,ながかみ保育園,,私立,,N,N,認可保育所,認可保育所,浜松市東区中田町776,,34.736641,137.760326,http://www.hamamatsu-pippi.net/shiritai/nin_shiritsu/2014021908045/,411-4811,,120,産休明,,7:00,18:30,,,Y,,,,0,0,0,0,0,0,1,3,0,0,0,0,,2017年6月30日
あそび西ケ崎保育園,あそび西ケ崎保育園,,私立,,N,N,認可保育所,認可保育所,浜松市東区西ケ崎1430,,34.775373,137.761942,http://www.hamamatsu-pippi.net/shiritai/nin_shiritsu/2015031900012/,589-5757,,120,産休明,,7:00,19:00,,,Y,,,,0,1,0,0,0,0,4,4,0,0,0,0,,2017年6月30日
そらいろ保育園,そらいろ保育園,,私立,,N,N,認可保育所,認可保育所,浜松市東区市野町1084,,34.751346,137.778809,http://www.hamamatsu-pippi.net/shiritai/nin_shiritsu/2016020500169/,581-8670,,120,６カ月,,7:00,19:00,,,Y,,,,0,0,0,0,0,0,1,3,1,0,0,0,,2017年6月30日
ありたま保育園,ありたま保育園,,私立,,N,N,認可保育所,認可保育所,浜松市東区有玉南町2013,,34.756625,137.755183,,479-5588,,120,産休明,,7:00,19:00,,,Y,,,,0,0,0,0,0,0,0,5,2,1,1,0,,2017年6月30日
生命の樹保育園,生命の樹保育園,,私立,,N,N,認可保育所,認可保育所,浜松市西区神ケ谷町8291-4,,34.730051,137.683426,http://www.hamamatsu-pippi.net/shiritai/nin_shiritsu/2014021908137/,485-0524,,60,産休明,,7:00,18:30,,,Y,,,,0,0,0,0,0,1,0,1,0,0,1,0,,2017年6月30日
わかくさ保育園,わかくさ保育園,,私立,,N,N,認可保育所,認可保育所,浜松市西区入野町920-1,,34.697708,137.69526,http://www.hamamatsu-pippi.net/shiritai/nin_shiritsu/2014021908168/,448-7777,,150,産休明,,7:00,19:00,,,Y,,,,0,0,0,0,0,0,2,6,0,1,0,0,,2017年6月30日
舘山寺保育園,舘山寺保育園,,私立,,N,N,認可保育所,認可保育所,浜松市西区舘山寺町2418-1,,34.760836,137.614424,http://www.hamamatsu-pippi.net/shiritai/nin_shiritsu/2014021908212/,487-1611,,90,産休明,,7:00,19:00,,,Y,,,,0,0,0,0,0,0,0,0,1,0,1,0,,2017年6月30日
ちゅうりっぷ保育園,ちゅうりっぷ保育園,,私立,,N,N,認可保育所,認可保育所,浜松市西区篠原町1214-1,,34.689161,137.668296,http://www.hamamatsu-pippi.net/shiritai/nin_shiritsu/2014021908182/,448-4680,,60,産休明,,7:00,19:00,,,Y,,,,1,0,0,0,0,0,0,0,0,0,0,0,,2017年6月30日
大平台わかくさ保育園,大平台わかくさ保育園,,私立,,N,N,認可保育所,認可保育所,浜松市西区神ケ谷町2042,,34.713894,137.676069,http://www.hamamatsu-pippi.net/shiritai/nin_shiritsu/2014021908120/,485-9000,,90,産休明,,7:00,18:30,,,Y,,,,0,0,0,0,0,0,2,3,2,0,0,1,,2017年6月30日
志都呂保育園,志都呂保育園,,私立,,N,N,認可保育所,認可保育所,浜松市西区志都呂一丁目3-7,,34.699615,137.664432,http://www.hamamatsu-pippi.net/shiritai/nin_shiritsu/2014021908175/,448-1910,,100,産休明,,7:00,19:00,,,Y,,,,0,0,0,0,0,0,1,0,0,1,0,0,,2017年6月30日
湖東白ゆり保育園,湖東白ゆり保育園,,私立,,N,N,認可保育所,認可保育所,浜松市西区湖東町5826-1,,34.761208,137.685264,http://www.hamamatsu-pippi.net/shiritai/nin_shiritsu/2015031700025/,486-5301,,120,産休明,,7:00,19:00,,,Y,,,,0,0,0,0,0,0,0,4,1,1,0,0,,2017年6月30日
メロディー保育園,メロディー保育園,,私立,,N,N,認可保育所,認可保育所,浜松市西区雄踏二丁目6-21,,34.694948,137.64124,http://www.hamamatsu-pippi.net/shiritai/nin_shiritsu/2014021908663/,592-8236,,160,産休明,,7:00,19:00,,,Y,,,,0,0,1,0,3,3,0,0,0,0,0,0,,2017年6月30日
マーガレット保育園,マーガレット保育園,,私立,,N,N,認可保育所,認可保育所,浜松市西区坪井町4571,,34.682308,137.64997,http://www.hamamatsu-pippi.net/shiritai/nin_shiritsu/2016020500176/,482-7078,,90,産休明,,7:00,19:00,,,Y,,,,0,0,0,0,0,0,0,3,0,0,0,0,,2017年6月30日
エオスプレスクール,エオスプレスクール,,私立,,N,N,認可保育所,認可保育所,浜松市南区遠州浜四丁目1-2,,34.655558,137.77605,http://www.hamamatsu-pippi.net/shiritai/nin_shiritsu/2014021908304/,425-7435,,90,産休明,,7:15,18:45,,,Y,,,,0,0,0,0,0,0,1,0,0,0,0,0,,2017年6月30日
都田保育園,都田保育園,,私立,,N,N,認可保育所,認可保育所,浜松市北区都田町6497-1,,34.824479,137.71522,http://www.hamamatsu-pippi.net/shiritai/nin_shiritsu/2014021908427/,428-3208,,200,産休明,,7:00,19:00,,,Y,,,,0,0,0,0,0,0,0,7,4,0,0,0,,2017年6月30日
初生保育園,初生保育園,,私立,,N,N,認可保育所,認可保育所,浜松市北区東三方町185-2,,34.777622,137.73395,http://www.hamamatsu-pippi.net/shiritai/nin_shiritsu/2014021908373/,436-7102,,160,４カ月,,7:00,19:00,,,Y,,,,0,0,0,0,0,0,1,3,0,1,0,0,,2017年6月30日
ひまわり保育園,ひまわり保育園,,私立,,N,N,認可保育所,認可保育所,浜松市北区豊岡町317-2,,34.790989,137.734,http://www.hamamatsu-pippi.net/shiritai/nin_shiritsu/2014021908359/,420-2700,,110,産休明,,7:00,19:00,,,Y,,,,0,0,0,0,0,0,0,8,0,1,0,0,,2017年6月30日
細江保育園,細江保育園,,私立,,N,N,認可保育所,認可保育所,浜松市北区細江町気賀431,,34.807473,137.652295,http://www.hamamatsu-pippi.net/shiritai/nin_shiritsu/2014021908434/,522-0596,,180,産休明,,7:15,19:15,,,Y,,,,0,0,0,0,0,0,1,6,2,2,1,0,,2017年6月30日
はらっぱ保育園,はらっぱ保育園,,私立,,N,N,認可保育所,認可保育所,浜松市北区三幸町440-10,,34.804004,137.724447,http://www.hamamatsu-pippi.net/shiritai/nin_shiritsu/2016020500183/,482-9207,,120,産休明,,7:00,19:00,,,Y,,,,0,0,0,0,0,0,1,3,1,0,0,0,,2017年6月30日
くすのき保育園,くすのき保育園,,私立,,N,N,認可保育所,認可保育所,浜松市浜北区高畑897,,34.797784,137.798921,http://www.hamamatsu-pippi.net/shiritai/nin_shiritsu/2014021908533/,589-3340,,120,産休明,,7:20,18:50,,,Y,,,,0,0,0,0,0,0,2,5,2,0,0,1,,2017年6月30日
浜北西保育園,浜北西保育園,,私立,,N,N,認可保育所,認可保育所,浜松市浜北区新原4284-1,,34.811611,137.765432,http://www.hamamatsu-pippi.net/shiritai/nin_shiritsu/2016020500206/,585-5590,,120,産休明,,7:00,19:00,,,Y,,,,0,0,0,0,0,0,1,2,6,0,0,0,,2017年6月30日
あゆみの森保育園,あゆみの森保育園,,私立,,N,N,認可保育所,認可保育所,浜松市浜北区寺島2889-1,,34.774457,137.787052,,585-2345,,120,産休明,,7:00,19:00,,,Y,,,,0,0,0,0,7,5,6,7,3,0,0,0,,2017年6月30日
みゅうのおか保育園,みゅうのおか保育園,,私立,,N,N,認可保育所,認可保育所,浜松市浜北区根堅2596-1,,34.853051,137.8012,,545-6380,,80,産休明,,7:00,19:00,,,Y,,,,0,0,0,0,0,0,3,10,6,4,1,0,,2017年6月30日
あいあい保育ルーム,あいあい保育ルーム,,私立,,N,N,認可保育所,小規模保育事業,浜松市中区高丘東三丁目38-5,,34.759582,137.720335,http://www.hamamatsu-pippi.net/shiritai/chi_sho/2015030400032/,414-5577,,11,３カ月,,7:00,19:00,,,Y,,,,0,0,2,,,,1,0,0,,,,,2017年6月30日
託児所みんなおいで,託児所みんなおいで,,私立,,N,N,認可保育所,小規模保育事業,浜松市中区富塚町649-7,,34.72963,137.712476,http://www.hamamatsu-pippi.net/shiritai/chi_sho/2014021908731/,476-4486,,12,産休明,,7:00,19:00,,,Y,,,,4,0,1,,,,0,0,0,,,,,2017年6月30日
はぐみな第二保育園,はぐみな第二保育園,,私立,,N,N,認可保育所,小規模保育事業,浜松市中区葵西六丁目6-30,,34.772129,137.70222,http://www.hamamatsu-pippi.net/shiritai/chi_sho/2015030400063/,570-3583,,19,６カ月,,7:00,19:00,,,Y,,,,0,0,0,,,,0,5,0,,,,,2017年6月30日
ととけっこー,ととけっこー,,私立,,N,N,認可保育所,小規模保育事業,浜松市中区曳馬三丁目36-34,,34.728758,137.743705,http://www.hamamatsu-pippi.net/shiritai/chi_sho/2016020500251/,411-3390,,12,産休明,,7:00,19:00,,,Y,,,,0,0,0,,,,0,1,0,,,,,2017年6月30日
エンゼル第二保育園,エンゼル第二保育園,,私立,,N,N,認可保育所,小規模保育事業,浜松市中区高丘東四丁目4-12,,34.757132,137.709314,http://www.hamamatsu-pippi.net/shiritai/chi_sho/2016020500268/,437-4108,,19,３カ月,,7:00,18:00,,,N,,,,0,0,0,,,,1,3,0,,,,,2017年6月30日
アソカ学園　城北ナーサリー,アソカ学園　城北ナーサリー,,私立,,N,N,認可保育所,小規模保育事業,浜松市中区文丘町27-22,,34.726711,137.715703,,401-1551,,19,６カ月,,7:30,18:30,,,N,,,,0,0,1,,,,0,5,0,,,,,2017年6月30日
ぬくもりのおうち保育浜松中央園,ぬくもりのおうち保育浜松中央園,,私立,,N,N,認可保育所,小規模保育事業,浜松市中区中央三丁目7-1,,34.707882,137.737939,,401-0588,,19,産休明,,7:30,19:30,,,Y,,,,0,0,4,,,,1,4,0,,,,,2017年6月30日
ハレルヤ第二愛児園,ハレルヤ第二愛児園,,私立,,N,N,認可保育所,小規模保育事業,浜松市中区花川町351,,34.778661,137.694537,,438-8996,,19,産休明,,7:00,18:00,,,N,,,,1,1,2,,,,0,0,0,,,,,2017年6月30日
保育ルーム瑞雲,保育ルーム瑞雲,,私立,,N,N,認可保育所,小規模保育事業,浜松市中区佐藤三丁目15-9,,34.712974,137.749935,,464-8000,,9,産休明,,7:00,18:00,,,N,,,,0,0,0,,,,1,0,0,,,,,2017年6月30日
みみ・あんふぁん,みみ・あんふぁん,,私立,,N,N,認可保育所,小規模保育事業,浜松市中区住吉二丁目32-3,,34.73093,137.724164,,475-6380,,12,３カ月,,7:30,19:30,,,Y,,,,0,0,1,,,,0,0,0,,,,,2017年6月30日
和敬第二愛育園,和敬第二愛育園,,私立,,N,N,認可保育所,小規模保育事業,浜松市中区高丘西二丁目34-14,,34.760931,137.700348,,437-5650,,19,６カ月,,7:30,19:30,,,Y,,,,1,0,4,,,,0,0,0,,,,,2017年6月30日
つばめ保育園,つばめ保育園,,私立,,N,N,認可保育所,小規模保育事業,浜松市東区有玉西町2197-2,,34.752464,137.735876,http://www.hamamatsu-pippi.net/shiritai/chi_sho/2016020500213/,571-1729,,15,６カ月,,7:30,19:30,,,Y,,,,1,0,0,,,,0,2,0,,,,,2017年6月30日
それいゆ保育園,それいゆ保育園,,私立,,N,N,認可保育所,小規模保育事業,浜松市東区大瀬町413-2,,34.761141,137.760104,http://www.hamamatsu-pippi.net/shiritai/chi_sho/2016020500220/,582-7210,,15,産休明,,7:15,18:30,,,Y,,,,0,0,0,,,,0,0,0,,,,,2017年6月30日
小規模保育室 いずみっこ,小規模保育室 いずみっこ,,私立,,N,N,認可保育所,小規模保育事業,浜松市東区小池町743-1,,34.75095,137.761094,http://www.hamamatsu-pippi.net/shiritai/chi_sho/2016020500275/,435-4030,,9,産休明,,7:00,19:00,,,Y,,,,0,0,0,,,,2,2,0,,,,,2017年6月30日
ありがとう保育園,ありがとう保育園,,私立,,N,N,認可保育所,小規模保育事業,浜松市東区半田山五丁目4-15,,34.776103,137.738089,,070-5256-0377,,9,産休明,,7:30,19:00,,,Y,,,,1,0,1,,,,0,3,0,,,,,2017年6月30日
さくら第二保育園,さくら第二保育園,,私立,,N,N,認可保育所,小規模保育事業,浜松市東区小池町2693,,34.739997,137.756321,,466-1555,,18,産休明,,7:00,19:00,,,Y,,,,6,1,6,,,,1,0,0,,,,,2017年6月30日
遊歩の丘かみにし保育園,遊歩の丘かみにし保育園,,私立,,N,N,認可保育所,小規模保育事業,浜松市東区上西町853-4,,34.723781,137.758982,,468-1818,,18,産休明,,7:00,19:00,,,Y,,,,0,0,0,,,,0,2,1,,,,,2017年6月30日
優風保育園,優風保育園,,私立,,N,N,認可保育所,小規模保育事業,浜松市西区入野町6361,,34.699796,137.68786,http://www.hamamatsu-pippi.net/shiritai/chi_sho/2014021908670/,445-1115,,19,６カ月,,7:30,19:00,,,Y,,,,3,0,0,,,,0,0,0,,,,,2017年6月30日
佐鳴保育園,佐鳴保育園,,私立,,N,N,認可保育所,小規模保育事業,浜松市西区入野町9277-1,,34.69988,137.682752,http://www.hamamatsu-pippi.net/shiritai/chi_sho/2014021908762/,448-5268,,19,産休明,,7:30,19:00,,,Y,,,,2,0,0,,,,0,0,0,,,,,2017年6月30日
いりのの森。浜松幼稚舎,いりのの森。浜松幼稚舎,,私立,,N,N,認可保育所,小規模保育事業,浜松市西区入野町16104-1,,34.701232,137.668742,http://www.hamamatsu-pippi.net/shiritai/chi_sho/2016020500237/,482-9383,,12,６カ月,,7:30,18:30,,,N,,,,1,0,0,,,,0,0,0,,,,,2017年6月30日
入野保育園,入野保育園,,私立,,N,N,認可保育所,小規模保育事業,浜松市西区入野町10824-1,,34.696013,137.673809,,401-1004,,9,産休明,,7:30,19:00,,,N,,,,0,0,0,,,,0,0,0,,,,,2017年6月30日
すこやか保育園,すこやか保育園,,私立,,N,N,認可保育所,小規模保育事業,浜松市南区三島町103-1,,34.689513,137.738401,http://www.hamamatsu-pippi.net/shiritai/chi_sho/2015030400094/,444-3730,,15,６カ月,,7:30,19:00,,,Y,,,,0,0,0,,,,0,0,0,,,,,2017年6月30日
ニチイキッズ南浜松保育園,ニチイキッズ南浜松保育園,,私立,,N,N,認可保育所,小規模保育事業,浜松市南区安松町12-10,,34.692805,137.76827,,467-5031,,19,産休明,,7:00,18:00,,,N,,,,5,0,1,,,,0,0,0,,,,,2017年6月30日
みつばち保育園,みつばち保育園,,私立,,N,N,認可保育所,小規模保育事業,浜松市南区瓜内町844-3,,34.688702,137.735073,,444-3282,,18,産休明,,7:30,19:30,,,Y,,,,0,0,1,,,,0,0,0,,,,,2017年6月30日
なごみ保育室,なごみ保育室,,私立,,N,N,認可保育所,小規模保育事業,浜松市北区三方原町1364-5,,34.783403,137.711566,http://www.hamamatsu-pippi.net/shiritai/chi_sho/2015030400100/,525-9666,,9,産休明,,7:00,19:00,,,Y,,,,0,0,0,,,,0,0,0,,,,,2017年6月30日
もくば保育園,もくば保育園,,私立,,N,N,認可保育所,小規模保育事業,浜松市北区初生町1303-5,,34.770369,137.715902,http://www.hamamatsu-pippi.net/shiritai/chi_sho/2016020500244/,437-5300,,16,６カ月,,7:00,19:00,,,Y,,,,1,0,0,,,,0,0,0,,,,,2017年6月30日
nursery gardenこぐま,nursery gardenこぐま,,私立,,N,N,認可保育所,小規模保育事業,浜松市北区豊岡町416-2,,34.792219,137.72858,,401-1780,,9,６カ月,,7:00,19:00,,,Y,,,,0,0,0,,,,0,0,0,,,,,2017年6月30日
聖隷浜松病院ひばり保育園,聖隷浜松病院ひばり保育園,,私立,,Y,N,認可保育所,事業所内保育事業,浜松市中区住吉二丁目24-4,,34.732699,137.724441,http://www.hamamatsu-pippi.net/shiritai/chi_jigyo/2015030400117/,474-3123,,20,産休明,,7:30,21:30,,,Y,,,,1,0,0,,,,0,0,0,,,,,2017年6月30日
聖隷めぐみ保育園,聖隷めぐみ保育園,,私立,,Y,N,認可保育所,事業所内保育事業,浜松市中区和合町555,,34.742264,137.701493,http://www.hamamatsu-pippi.net/shiritai/chi_jigyo/2015030400124/,475-6110,,7,産休明,,7:00,19:00,,,Y,,,,0,0,0,,,,0,0,0,,,,,2017年6月30日
あゆみ保育園,あゆみ保育園,,私立,,Y,N,認可保育所,事業所内保育事業,浜松市中区佐鳴台五丁目9-5,,34.713676,137.699392,http://www.hamamatsu-pippi.net/shiritai/chi_jigyo/2016020500282/,454-0804,,20,産休明,,7:15,19:15,,,Y,,,,1,1,0,,,,1,2,0,,,,,2017年6月30日
キッズホームてんとうむし,キッズホームてんとうむし,,私立,,Y,N,認可保育所,事業所内保育事業,浜松市中区花川町819,,34.77377,137.681981,http://www.hamamatsu-pippi.net/shiritai/chi_jigyo/2016020500305/,414-6001,,9,産休明,,7:00,19:00,,,Y,,,,1,0,0,,,,0,1,0,,,,,2017年6月30日
しんえい保育園,しんえい保育園,,私立,,Y,N,認可保育所,事業所内保育事業,浜松市中区泉二丁目31-10,,34.744262,137.719758,,476-5955,,16,１１カ月,,7:00,20:00,,,Y,,,,1,0,2,,,,0,2,0,,,,,2017年6月30日
湖東の森保育園,湖東の森保育園,,私立,,Y,N,認可保育所,事業所内保育事業,浜松市西区湖東町1074,,34.761082,137.660955,,486-3513,,7,３カ月,,7:00,19:00,,,Y,,,,0,2,0,,,,0,0,0,,,,,2017年6月30日
すみれ保育園,すみれ保育園,,私立,,Y,N,認可保育所,事業所内保育事業,浜松市南区田尻町120-1,,34.680788,137.725907,http://www.hamamatsu-pippi.net/shiritai/chi_jigyo/2015030400131/,443-1155,,6,産休明,,7:30,18:30,,,N,,,,2,0,0,,,,0,0,0,,,,,2017年6月30日
かもめ保育園,かもめ保育園,,私立,,Y,N,認可保育所,事業所内保育事業,浜松市北区都田町8786,,34.823952,137.746575,http://www.hamamatsu-pippi.net/shiritai/chi_jigyo/2016020500299/,428-5202,,12,産休明,,7:00,19:00,,,Y,,,,2,0,0,,,,0,0,0,,,,,2017年6月30日
十全双葉保育園,十全双葉保育園,,私立,,Y,N,認可保育所,事業所内保育事業,浜松市浜北区平口1969-1,,34.794002,137.769044,http://www.hamamatsu-pippi.net/shiritai/chi_jigyo/2015030400148/,585-4345,,10,産休明,,7:30,18:30,,,N,,,,0,0,0,,,,0,1,0,,,,,2017年6月30日
ひくまこども園,ひくまこども園,,私立,,N,Y,認可保育所,認定こども園,浜松市中区曳馬四丁目8-12,,34.729716,137.744866,http://www.hamamatsu-pippi.net/shiritai/kodomoen_yo/2016020500060/,464-4069,,130,産休明,,7:00,19:00,,,Y,,,,0,0,0,0,0,0,2,2,2,0,1,1,,2017年6月30日
なかざわこども園,なかざわこども園,,私立,,N,Y,認可保育所,認定こども園,浜松市中区中沢町58-9,,34.722964,137.727953,http://www.hamamatsu-pippi.net/shiritai/kodomoen_yo/2016020500022/,471-0497,,90,６カ月,,7:00,19:00,,,Y,,,,2,0,0,3,3,3,1,3,0,1,0,0,,2017年6月30日
相生こども園,相生こども園,,私立,,N,Y,認可保育所,認定こども園,浜松市中区相生町14-30,,34.708305,137.748322,http://www.hamamatsu-pippi.net/shiritai/kodomoen_yo/2016020500046/,461-6519,,110,６カ月,,7:30,18:30,,,N,,,,1,0,2,0,0,0,0,2,0,1,1,0,,2017年6月30日
瑞雲こども園,瑞雲こども園,,私立,,N,Y,認可保育所,認定こども園,浜松市中区佐藤二丁目22-1,,34.713415,137.749474,,464-9557,,140,産休明,,7:00,18:30,,,Y,,,,0,0,0,0,0,0,0,0,0,1,0,0,,2017年6月30日
なかよし第２こども園,なかよし第２こども園,,私立,,N,Y,認可保育所,認定こども園,浜松市中区領家三丁目23-13,,34.693765,137.754669,,443-9836,,120,産休明,,7:00,18:30,,,Y,,,,1,0,0,0,1,1,2,4,1,0,0,0,,2017年6月30日
遊歩の丘にしおかこども園,遊歩の丘にしおかこども園,,私立,,N,Y,認可保育所,認定こども園,浜松市中区西丘町296,,34.767327,137.69163,,463-8211,,150,産休明,,7:00,19:00,,,Y,,,,0,0,0,0,0,0,0,4,2,0,0,0,,2017年6月30日
みそらこども園,みそらこども園,,私立,,N,Y,認可保育所,認定こども園,浜松市中区神田町513,,34.690878,137.718791,,420-1818,,90,産休明,,7:00,19:00,,,Y,,,,0,0,0,0,0,0,1,0,1,0,0,0,,2017年6月30日
聖隷こども園めぐみ,聖隷こども園めぐみ,,私立,,N,Y,認可保育所,認定こども園,浜松市中区和合町555-1,,34.742264,137.701493,,401-1212,,160,産休明,,7:00,19:00,,,Y,,,,3,0,1,1,5,5,2,3,0,0,0,0,,2017年6月30日
聖隷こども園ひかりの子,聖隷こども園ひかりの子,,私立,,N,Y,認可保育所,認定こども園,浜松市東区天王町1896,,34.741021,137.767417,http://www.hamamatsu-pippi.net/shiritai/kodomoen_ho/2014021908021/,421-6822,,150,産休明,,7:00,19:00,,,Y,,,,0,0,0,0,0,0,0,14,1,1,0,0,,2017年6月30日
いずみこども園,いずみこども園,,私立,,N,Y,認可保育所,認定こども園,浜松市東区小池町710,,34.751639,137.760247,http://www.hamamatsu-pippi.net/shiritai/kodomoen_yo/2016020500084/,434-4411,,140,産休明,,7:00,19:00,,,Y,,,,2,0,0,1,0,0,0,6,1,0,1,0,,2017年6月30日
市野与進こども園,市野与進こども園,,私立,,N,Y,認可保育所,認定こども園,浜松市東区市野町2636,,34.747812,137.767185,http://www.hamamatsu-pippi.net/shiritai/kodomoen_ho/2016020500091/,423-3535,,140,産休明,,7:00,19:00,,,Y,,,,0,0,0,0,0,0,1,2,1,1,0,0,,2017年6月30日
まるづかこども園,まるづかこども園,,私立,,N,Y,認可保育所,認定こども園,浜松市東区丸塚町287-1,,34.727739,137.760182,,465-2525,,120,産休明,,7:00,18:30,,,Y,,,,0,0,0,0,0,0,2,1,0,0,0,0,,2017年6月30日
太陽さぎのみやこども園,太陽さぎのみやこども園,,私立,,N,Y,認可保育所,認定こども園,浜松市東区大瀬町752,,34.755564,137.766871,,432-5515,,120,産休明,,7:00,19:00,,,Y,,,,0,0,1,1,14,16,1,13,1,0,0,0,,2017年6月30日
遊歩の丘かみにしこども園,遊歩の丘かみにしこども園,,私立,,N,Y,認可保育所,認定こども園,浜松市東区上西町853-2,,34.724858,137.751721,,468-1818,,120,産休明,,7:00,19:00,,,Y,,,,0,0,0,0,0,0,2,10,0,0,1,0,,2017年6月30日
きなりこども園,きなりこども園,,私立,,N,Y,認可保育所,認定こども園,浜松市東区植松町53-4,,34.710202,137.754141,,424-6666,,120,６カ月,,7:00,19:00,,,Y,,,,0,0,5,11,0,0,1,5,1,1,2,0,,2017年6月30日
和光こども園,和光こども園,,私立,,N,Y,認可保育所,認定こども園,浜松市西区和光町517,,34.786288,137.680538,http://www.hamamatsu-pippi.net/shiritai/kodomoen_yo/2016033000014/,486-0434,,170,産休明,,7:00,19:00,,,Y,,,,0,0,0,0,0,1,0,1,0,0,0,1,,2017年6月30日
入野こども園,入野こども園,,私立,,N,Y,認可保育所,認定こども園,浜松市西区入野町10827-1,,34.695427,137.673917,http://www.hamamatsu-pippi.net/shiritai/kodomoen_yo/2016033000021/,448-1026,,120,産休明,,7:00,18:30,,,Y,,,,0,0,0,0,0,0,0,0,2,1,1,0,,2017年6月30日
さざんかこども園,さざんかこども園,,私立,,N,Y,認可保育所,認定こども園,浜松市西区篠原町25654,,34.676335,137.658377,http://www.hamamatsu-pippi.net/shiritai/kodomoen_ho/2016020500121/,449-6116,,100,産休明,,7:00,19:00,,,Y,,,,0,0,0,0,0,0,0,2,2,1,0,0,,2017年6月30日
春日こども園,春日こども園,,私立,,N,Y,認可保育所,認定こども園,浜松市西区馬郡町2560,,34.683402,137.627533,http://www.hamamatsu-pippi.net/shiritai/kodomoen_yo/2016020500114/,592-1600,,50,６カ月,,7:00,19:00,,,Y,,,,0,0,0,0,0,0,1,1,1,4,1,1,,2017年6月30日
瞳ヶ丘こども園,瞳ヶ丘こども園,,私立,,N,Y,認可保育所,認定こども園,浜松市西区大人見町12-654,,34.733869,137.64771,,485-5003,,120,産休明,,7:00,19:00,,,Y,,,,0,0,0,0,0,0,1,5,2,0,0,0,,2017年6月30日
順愛こども園,順愛こども園,,私立,,N,Y,認可保育所,認定こども園,浜松市西区舞阪町舞阪5372,,34.685515,137.622789,,592-7733,,90,産休明,,7:00,19:00,,,Y,,,,0,0,0,0,0,0,0,1,2,0,0,0,,2017年6月30日
ずだじこども園,ずだじこども園,,私立,,N,Y,認可保育所,認定こども園,浜松市南区恩地町291,,34.68665,137.761813,http://www.hamamatsu-pippi.net/shiritai/kodomoen_yo/2014021909998/,427-2332,,120,６カ月,,7:00,19:00,,,Y,,,,0,0,0,0,0,0,7,1,3,1,1,1,,2017年6月30日
太陽こども園,太陽こども園,,私立,,N,Y,認可保育所,認定こども園,浜松市南区飯田町1507,,34.708242,137.781602,http://www.hamamatsu-pippi.net/shiritai/kodomoen_yo/2016033000038/,426-1515,,150,産休明,,7:00,19:00,,,Y,,,,0,0,0,0,0,0,2,2,2,0,0,0,,2017年6月30日
太陽第二こども園,太陽第二こども園,,私立,,N,Y,認可保育所,認定こども園,浜松市南区白羽町1231,,34.67534,137.735407,http://www.hamamatsu-pippi.net/shiritai/kodomoen_yo/2016033000045/,441-0006,,100,産休明,,7:00,19:00,,,Y,,,,0,0,0,0,0,0,0,0,0,0,0,0,,2017年6月30日
平和こども園,平和こども園,,私立,,N,Y,認可保育所,認定こども園,浜松市南区三島町1200,,34.687313,137.747689,http://www.hamamatsu-pippi.net/shiritai/kodomoen_yo/2016020500145/,443-1601,,170,６カ月,,7:00,19:00,,,Y,,,,0,1,0,0,0,0,1,8,6,7,1,1,,2017年6月30日
なかよしこども園,なかよしこども園,,私立,,N,Y,認可保育所,認定こども園,浜松市南区三島町1230,,34.689316,137.747797,,441-1122,,120,産休明,,7:00,18:30,,,Y,,,,0,0,0,0,0,0,1,1,0,0,0,0,,2017年6月30日
ハローこども園,ハローこども園,,私立,,N,Y,認可保育所,認定こども園,浜松市南区下江町522,,34.680654,137.773225,,425-5586,,100,産休明,,7:00,19:00,,,Y,,,,0,0,2,3,0,0,0,0,1,0,1,0,,2017年6月30日
たかつか光こども園,たかつか光こども園,,私立,,N,Y,認可保育所,認定こども園,浜松市南区高塚町2312-16,,34.686373,137.68378,,449-8000,,100,産休明,,7:00,19:00,,,Y,,,,0,0,0,0,0,0,2,1,1,1,1,0,,2017年6月30日
はぁもにぃこども園,はぁもにぃこども園,,私立,,N,Y,認可保育所,認定こども園,浜松市南区三和町782,,34.701054,137.772767,,464-8770,,110,産休明,,7:00,19:00,,,Y,,,,0,0,0,0,0,0,0,1,0,0,0,0,,2017年6月30日
若林こどもの園,若林こどもの園,,私立,,N,Y,認可保育所,認定こども園,浜松市南区若林町2658-1,,34.687509,137.699332,,401-3786,,120,６カ月,,7:00,19:00,,,Y,,,,0,0,0,0,0,0,5,2,2,0,0,0,,2017年6月30日
クリストファーこども園,クリストファーこども園,,私立,,N,Y,認可保育所,認定こども園,浜松市北区三方原町2762,,34.787033,137.694495,http://www.hamamatsu-pippi.net/shiritai/kodomoen_yo/2014021910048/,430-1700,,90,産休明,,7:00,19:00,,,Y,,,,0,0,0,0,0,0,0,3,1,1,3,0,,2017年6月30日
聖隷こども園わかば,聖隷こども園わかば,,私立,,N,Y,認可保育所,認定こども園,浜松市北区根洗町645-1,,34.793909,137.695167,http://www.hamamatsu-pippi.net/shiritai/kodomoen_ho/2014021908366/,437-0822,,150,産休明,,7:00,19:00,,,Y,,,,0,0,0,0,0,0,0,6,1,0,1,0,,2017年6月30日
聖隷こども園桜ヶ丘,聖隷こども園桜ヶ丘,,私立,,N,Y,認可保育所,認定こども園,浜松市北区都田町8749-3,,34.811151,137.736715,http://www.hamamatsu-pippi.net/shiritai/kodomoen_ho/2014021908410/,428-2494,,190,産休明,,7:00,19:00,,,Y,,,,0,0,0,0,0,0,1,4,0,0,1,0,,2017年6月30日
なごみこども園,なごみこども園,,私立,,N,Y,認可保育所,認定こども園,浜松市北区三方原町1367-1,,34.783285,137.711109,http://www.hamamatsu-pippi.net/shiritai/kodomoen_yo/2015032000025/,420-7530,,120,産休明,,7:00,19:00,,,Y,,,,0,0,0,0,0,0,3,3,2,1,0,0,,2017年6月30日
認定こども園きじの里,認定こども園きじの里,,私立,,N,Y,認可保育所,認定こども園,浜松市浜北区染地台五丁目4-3,,34.791547,137.750272,http://www.hamamatsu-pippi.net/shiritai/kodomoen_ho/2014021908526/,585-3375,,140,産休明,,7:00,19:00,,,Y,,,,0,0,0,0,0,0,2,8,3,1,0,0,,2017年6月30日
子育てセンターこまつ,子育てセンターこまつ,,私立,,N,Y,認可保育所,認定こども園,浜松市浜北区小松3221,,34.782695,137.770788,,584-0170,,140,産休明,,7:00,20:00,,,Y,,,,0,0,0,0,0,0,6,2,1,1,0,0,,2017年6月30日
子育てセンターきぶね,子育てセンターきぶね,,私立,,N,Y,認可保育所,認定こども園,浜松市浜北区貴布祢2668,,34.800452,137.782809,,584-0172,,150,産休明,,7:00,20:00,,,Y,,,,0,0,0,0,0,0,2,3,1,3,0,1,,2017年6月30日
子育てセンターしばもと,子育てセンターしばもと,,私立,,N,Y,認可保育所,認定こども園,浜松市浜北区於呂3087-2,,34.8234,137.799687,,580-0050,,140,産休明,,7:00,20:00,,,Y,,,,0,0,0,0,0,0,1,10,5,2,0,0,,2017年6月30日
子育てセンターしんぱら,子育てセンターしんぱら,,私立,,N,Y,認可保育所,認定こども園,浜松市浜北区新原2669,,34.815322,137.773976,,580-1011,,170,産休明,,7:00,20:00,,,Y,,,,0,0,0,0,0,0,4,11,3,0,0,0,,2017年6月30日
子育てセンターなかぜ,子育てセンターなかぜ,,私立,,N,Y,認可保育所,認定こども園,浜松市浜北区中瀬673,,34.809661,137.806736,,584-0174,,140,産休明,,7:00,20:00,,,Y,,,,0,0,0,0,0,0,6,0,1,0,0,0,,2017年6月30日
遊歩の丘はまなこども園,遊歩の丘はまなこども園,,私立,,N,Y,認可保育所,認定こども園,浜松市浜北区小松1285-1,,34.792624,137.771546,,585-4141,,120,産休明,,7:00,19:00,,,Y,,,,0,0,0,0,0,0,4,7,1,3,0,0,,2017年6月30日
子育てセンターかきのみ,子育てセンターかきのみ,,私立,,N,Y,認可保育所,認定こども園,浜松市浜北区中瀬2308,,34.830041,137.808704,,545-3870,,140,産休明,,7:00,20:00,,,Y,,,,0,0,0,0,0,0,1,10,5,0,0,0,,2017年6月30日
子育てセンターすぎのこ,子育てセンターすぎのこ,,私立,,N,Y,認可保育所,認定こども園,浜松市天竜区大谷111-1,,34.872377,137.816743,,922-0170,,60,産休明,,7:00,19:00,,,Y,,,,0,0,0,0,0,0,0,0,2,1,1,0,,2017年6月30日
子育てセンターやまびこ,子育てセンターやまびこ,,私立,,N,Y,認可保育所,認定こども園,浜松市天竜区山東3577,,34.870547,137.825619,,922-0180,,90,産休明,,7:00,19:00,,,Y,,,,0,0,0,0,0,0,2,2,1,1,0,0,,2017年6月30日
あそびこども園浜松,あそびこども園浜松,,私立,,N,Y,認可保育所,認定こども園,浜松市東区下石田町320,,34.74263,137.784079,,422-2525,,200,産休明,,7:00,19:00,,,Y,,,,0,0,0,0,0,0,1,4,1,1,0,1,,2017年6月30日
はままつ保育園,はままつ保育園（昼間）,,私立,,N,N,認可外保育所,,浜松市中区田町231-14,,34.70896,137.73262,http://www.hamamatsu-pippi.net/shiritai/ninsho_one/2014021908571/,453-1717,,109（昼間）、85（夜間）,,,,,,,,,,,,,,,,,,,,,,,,
和敬愛育園,和敬愛育園,,私立,,N,N,認可外保育所,,浜松市中区高丘西三丁目30-17,,34.760761,137.697199,http://www.hamamatsu-pippi.net/shiritai/ninsho_one/2014021908595/,439-7587,,36,,,,,,,,,,,,,,,,,,,,,,,,
ハレルヤ愛児園,ハレルヤ愛児園,,私立,,N,N,認可外保育所,,浜松市中区花川町351,,34.778661,137.694537,http://www.hamamatsu-pippi.net/shiritai/ninsho_one/2014021908601/,436-1458,,54,,,,,,,,,,,,,,,,,,,,,,,,
コドモダケ保育園,コドモダケ保育園（昼間）,,私立,,N,N,認可外保育所,,浜松市中区伝馬町311-7　伝馬沢ビル2F・3F・4F,,34.705885,137.727909,http://www.hamamatsu-pippi.net/shiritai/ninsho_one/2014021908618/,459-3614,,35(昼間）、35（夜間）,,,,,,,,,,,,,,,,,,,,,,,,
エンゼル保育園,エンゼル保育園,,私立,,N,N,認可外保育所,,浜松市中区高丘東三丁目44-3,,34.760979,137.718077,http://www.hamamatsu-pippi.net/shiritai/ninsho_one/2014021908625/,437-4108,,45,,,,,,,,,,,,,,,,,,,,,,,,
さくら保育園,さくら保育園,,私立,,N,N,認可外保育所,,浜松市東区小池町2693　2F,,34.753198,137.765482,http://www.hamamatsu-pippi.net/shiritai/ninsho_one/2014021908632/,466-1555,,40,,,,,,,,,,,,,,,,,,,,,,,,
伊左地保育園,伊左地保育園,,私立,,N,N,認可外保育所,,浜松市西区伊左地町2460-2,,34.742644,137.677257,http://www.hamamatsu-pippi.net/shiritai/ninsho_one/2014021908656/,485-0173,,43,,,,,,,,,,,,,,,,,,,,,,,,
はなのこ保育園,はなのこ保育園,,私立,,N,N,認可外保育所,,浜松市浜北区内野619-5,,34.785582,137.752076,http://www.hamamatsu-pippi.net/shiritai/ninsho_one/2014021908687/,586-3300,,147,,,,,,,,,,,,,,,,,,,,,,,,
あおぞら保育園,あおぞら保育園,,私立,,N,N,認可外保育所,,浜松市中区小豆餅三丁目29-10,,34.756838,137.729243,http://www.hamamatsu-pippi.net/shiritai/ninsho_two/2014021908694/,420-8281,,45,,,,,,,,,,,,,,,,,,,,,,,,
ちびっこハウスあくり,ちびっこハウスあくり,,私立,,N,N,認可外保育所,,浜松市中区海老塚町2-8,,34.701413,137.730015,http://www.hamamatsu-pippi.net/shiritai/ninsho_two/2014021908700/,413-5888,,19,,,,,,,,,,,,,,,,,,,,,,,,
はぐみな保育園,はぐみな保育園,,私立,,N,N,認可外保育所,,浜松市中区葵西六丁目6-24,,34.770243,137.702979,http://www.hamamatsu-pippi.net/shiritai/ninsho_two/2014060300022/,570-3583,,19,,,,,,,,,,,,,,,,,,,,,,,,
オプネット保育園　浜松園,オプネット保育園　浜松園,,私立,,N,N,認可外保育所,,浜松市東区有玉南町1986‐1,,34.748109,137.747434,http://www.hamamatsu-pippi.net/shiritai/ninsho_two/2014021908861/,479-8686,,19,,,,,,,,,,,,,,,,,,,,,,,,
家庭保育園マミー,家庭保育園マミー,,私立,,N,N,認可外保育所,,浜松市北区都田町7041,,34.822648,137.709926,http://www.hamamatsu-pippi.net/shiritai/ninsho_two/2014021908793/,428-0086,,16,,,,,,,,,,,,,,,,,,,,,,,,
はまきた保育園,はまきた保育園,,私立,,N,N,認可外保育所,,浜松市浜北区高畑109-1,,34.788557,137.799921,http://www.hamamatsu-pippi.net/shiritai/ninsho_two/2014021908823/,586-7432,,38,,,,,,,,,,,,,,,,,,,,,,,,
和香樹保育園,和香樹保育園,,私立,,N,N,認可外保育所,,浜松市天竜区青谷2018-3,,34.864638,137.780179,http://www.hamamatsu-pippi.net/shiritai/ninsho_two/2014021908885/,925-3456,,28,,,,,,,,,,,,,,,,,,,,,,,,
上島キッズスクエア,上島キッズスクエア,,私立,,N,N,認可外保育所,,浜松市中区上島三丁目1-3,,34.738171,137.743971,http://www.hamamatsu-pippi.net/shiritai/sonota/2014021908847/,433-5675,,10,,,,,,,,,,,,,,,,,,,,,,,,
ちびっこランド　かもえ園,ちびっこランド　かもえ園,,私立,,N,N,認可外保育所,,浜松市中区鴨江4-10-1ＳＹビル1階東,,34.704446,137.718016,http://www.hamamatsu-pippi.net/shiritai/sonota/2014120500010/,451-0158,,24,,,,,,,,,,,,,,,,,,,,,,,,
託児ルーム　エミール,託児ルーム　エミール,,私立,,N,N,認可外保育所,,浜松市中区千歳町102　クラシキビル2階,,34.704194,137.730979,http://www.hamamatsu-pippi.net/shiritai/sonota/2015012300091/,523-8849,,20,,,,,,,,,,,,,,,,,,,,,,,,
みみ・あんふぁん,みみ・あんふぁん,,私立,,N,N,認可外保育所,,浜松市中区住吉二丁目32-3,,34.73093,137.724164,http://www.hamamatsu-pippi.net/shiritai/sonota/2015111200070/,475-6380,,50,,,,,,,,,,,,,,,,,,,,,,,,
託児所るれいるーむ,託児所るれいるーむ,,私立,,N,N,認可外保育所,,浜松市中区北寺島町211-8,,34.703835,137.741256,http://www.hamamatsu-pippi.net/shiritai/sonota/2016031400076/,489-9221,,16,,,,,,,,,,,,,,,,,,,,,,,,
第2つばめ保育園,第2つばめ保育園,,私立,,N,N,認可外保育所,,浜松市東区有玉西町2197-2,,34.752464,137.735876,http://www.hamamatsu-pippi.net/shiritai/sonota/2016052800022/,571-1148,,8,,,,,,,,,,,,,,,,,,,,,,,,
いりのの丘。浜松幼稚舎,いりのの丘。浜松幼稚舎,,私立,,N,N,認可外保育所,,浜松市西区入野町16104-1,,34.701232,137.668742,http://www.hamamatsu-pippi.net/shiritai/sonota/2016052800039/,482-9386,,10,,,,,,,,,,,,,,,,,,,,,,,,
託児所さくらんぼ,託児所さくらんぼ,,私立,,N,N,認可外保育所,,浜松市南区中田島町75-1,,34.673801,137.747139,,571-3684,,10,,,,,,,,,,,,,,,,,,,,,,,,
クレッシェ　マターナル　レイノ　デ　アレグリア,クレッシェ　マターナル　レイノ　デ　アレグリア,,私立,,N,N,認可外保育所,,浜松市中区幸一丁目12-15,,34.740726,137.724405,http://www.hamamatsu-pippi.net/shiritai/gaikoku/2014021908892/,474-5755,,20,,,,,,,,,,,,,,,,,,,,,,,,
ピーメンティーナ　キッズ,ピーメンティーナ　キッズ,,私立,,N,N,認可外保育所,,浜松市中区領家二丁目2-6,,34.6982,137.750178,http://www.hamamatsu-pippi.net/shiritai/gaikoku/2015112500018/,589-4589,,63,,,,,,,,,,,,,,,,,,,,,,,,
エスコラ　アレグリア　デ　サベール,エスコラ　アレグリア　デ　サベール,,私立,,N,N,認可外保育所,,浜松市東区天王町673-1,,34.739163,137.773227,http://www.hamamatsu-pippi.net/shiritai/gaikoku/2014021908915/,423-3895,,15,,,,,,,,,,,,,,,,,,,,,,,,
ムンド デ アレグリア,ムンド デ アレグリア,,私立,,N,N,認可外保育所,,浜松市西区雄踏町宇布見9611-1,,34.694351,137.630699,http://www.hamamatsu-pippi.net/shiritai/gaikoku/2014021908922/,482-7666,,65,,,,,,,,,,,,,,,,,,,,,,,,
クレッシェ　ラピス　デ　コル,クレッシェ　ラピス　デ　コル,,私立,,N,N,認可外保育所,,浜松市南区石原町611,,34.691905,137.770365,http://www.hamamatsu-pippi.net/shiritai/gaikoku/2014021908939/,080-4222-2057,,138,,,,,,,,,,,,,,,,,,,,,,,,
本田技研一時保育室,本田技研一時保育室,,私立,,Y,N,認可外保育所,,浜松市中区葵東一丁目13-1,,34.752816,137.72046,,439-2005,,21,,,,,,,,,,,,,,,,,,,,,,,,
シンエイランド,シンエイランド,,私立,,Y,N,認可外保育所,,浜松市中区泉二丁目31-10,,34.744262,137.719758,,476-5955,,80,,,,,,,,,,,,,,,,,,,,,,,,
ポーラゆずり葉保育園,ポーラゆずり葉保育園,,私立,,Y,N,認可外保育所,,浜松市中区幸一丁目15-12,,34.742076,137.724955,,471-9050,,20,,,,,,,,,,,,,,,,,,,,,,,,
こころ保育園,こころ保育園,,私立,,Y,N,認可外保育所,,浜松市中区幸四丁目36-1,,34.745858,137.73236,,090-3851-5956,,12,,,,,,,,,,,,,,,,,,,,,,,,
浜友観光（株）社宅内託児室,浜友観光（株）社宅内託児室,,私立,,Y,N,認可外保育所,,浜松市東区中田町89　ウィルコート102号,,34.732499,137.755904,,467-3388,,25,,,,,,,,,,,,,,,,,,,,,,,,
こりす保育園,こりす保育園,,私立,,Y,N,認可外保育所,,浜松市西区西山町518-6,,34.737025,137.689075,,485-7011,,20,,,,,,,,,,,,,,,,,,,,,,,,
ここ倶楽部,ここ倶楽部,,私立,,Y,N,認可外保育所,,浜松市南区恩地町263,,34.689538,137.762429,,427-3244,,6,,,,,,,,,,,,,,,,,,,,,,,,
おやまの保育園,おやまの保育園,,私立,,Y,N,認可外保育所,,浜松市天竜区渡ケ島180-3,,34.857811,137.795672,,583-1220,,20,,,,,,,,,,,,,,,,,,,,,,,,
矢崎おひさま保育園,矢崎おひさま保育園,,私立,,Y,N,認可外保育所,,浜松市天竜区二俣町南鹿島23,,34.842231,137.806725,,925-4111,,24,,,,,,,,,,,,,,,,,,,,,,,,
遠州病院あおぞら保育園,遠州病院あおぞら保育園,,私立,,N,N,認可外保育所,,浜松市中区中央一丁目1-1,,34.712551,137.734753,,401-0485,,24,,,,,,,,,,,,,,,,,,,,,,,,
浜松医療センター認可外保育施設,浜松医療センター認可外保育施設,,私立,,N,N,認可外保育所,,浜松市中区富塚町328,,34.716145,137.701436,,453-7111,,11,,,,,,,,,,,,,,,,,,,,,,,,
（有）メディカルアイカイフラワー保育園,（有）メディカルアイカイフラワー保育園,,私立,,N,N,認可外保育所,,浜松市中区助信町27-36,,34.723858,137.736258,,475-2225,,10,,,,,,,,,,,,,,,,,,,,,,,,
浜松北病院きしゃぽっぽ保育園,浜松北病院きしゃぽっぽ保育園,,私立,,N,N,認可外保育所,,浜松市東区大瀬町1567-2,,34.762855,137.772092,,433-8316,,29,,,,,,,,,,,,,,,,,,,,,,,,
浜松労災病院タンポポ保育所,浜松労災病院タンポポ保育所,,私立,,N,N,認可外保育所,,浜松市東区将監町25　K-102,,34.716715,137.75571,,460-7336,,20,,,,,,,,,,,,,,,,,,,,,,,,
医大保育所きらり,医大保育所きらり,,私立,,N,N,認可外保育所,,浜松市東区半田山一丁目20-1,,34.770587,137.743291,,435-3361,,42,,,,,,,,,,,,,,,,,,,,,,,,
ピュアレディースクリニック,ピュアレディースクリニック,,私立,,N,N,認可外保育所,,浜松市西区志都呂町4992-1,,34.699015,137.659832,,440-4188,,8,,,,,,,,,,,,,,,,,,,,,,,,
浜松南病院にこにこ保育園,浜松南病院にこにこ保育園,,私立,,N,N,認可外保育所,,浜松市南区白羽町26,,34.684441,137.739223,,443-2118,,8,,,,,,,,,,,,,,,,,,,,,,,,
はまなこキッズ,はまなこキッズ,,私立,,N,N,認可外保育所,,浜松市北区三ヶ日町都筑1162-44,,34.794331,137.584818,,526-1151,,20,,,,,,,,,,,,,,,,,,,,,,,,
聖隷三方原病院さくら保育園,聖隷三方原病院さくら保育園,,私立,,N,N,認可外保育所,,浜松市北区細江町中川7220-14,,34.791451,137.69219,,439-9050,,10,,,,,,,,,,,,,,,,,,,,,,,,
とよおかキッズ,とよおかキッズ,,私立,,N,N,認可外保育所,,浜松市北区豊岡町110,,34.78879,137.736186,,439-0100,,33,,,,,,,,,,,,,,,,,,,,,,,,
浜松赤十字病院つくし保育園,浜松赤十字病院つくし保育園,,私立,,N,N,認可外保育所,,浜松市浜北区小林1088-1,,34.805985,137.789225,,401-1111,,35,,,,,,,,,,,,,,,,,,,,,,,,
天竜病院所属所ひまわり保育園,天竜病院所属所ひまわり保育園,,私立,,N,N,認可外保育所,,浜松市浜北区於呂4201-2,,34.854365,137.798783,,580-4411,,35,,,,,,,,,,,,,,,,,,,,,,,,
浜北さくら台病院院内保育所,浜北さくら台病院院内保育所,,私立,,N,N,認可外保育所,,浜松市浜北区四大地9-68,,34.838046,137.759496,,582-2311,,4,,,,,,,,,,,,,,,,,,,,,,,,
SBSマイホームセンター　浜松展示場,SBSマイホームセンター　浜松展示場,,私立,,N,N,認可外保育所,,浜松市南区青屋町400,,34.716389,137.781027,,464-6167,,6,,,,,,,,,,,,,,,,,,,,,,,,
南の星幼稚園,南の星幼稚園,浜松市,公立,,,,幼稚園,,浜松市南区西島町1148-1,,34.662548,137.768731,http://www.hamamatsu-pippi.net/shiritai/you_koritsu/2014021909110/,425-2836,,105,,,8:30,14:00,,,N,,,,,,,,,,,,,,,,,
和田幼稚園,和田幼稚園,浜松市,公立,,,,幼稚園,,浜松市東区薬師町291,,34.725416,137.783205,http://www.hamamatsu-pippi.net/shiritai/you_koritsu/2014021908953/,421-2942,,105,,,8:30,14:00,,,N,,,,,,,,,,,,,,,,,
与進幼稚園,与進幼稚園,浜松市,公立,,,,幼稚園,,浜松市東区市野町2404-1,,34.741713,137.770633,http://www.hamamatsu-pippi.net/shiritai/you_koritsu/2014021908960/,421-1442,,210,,,8:30,14:00,,,N,,,,,,,,,,,,,,,,,
豊西幼稚園,豊西幼稚園,浜松市,公立,,,,幼稚園,,浜松市東区豊西町1551,,34.767292,137.804233,http://www.hamamatsu-pippi.net/shiritai/you_koritsu/2014021908977/,434-1259,,105,,,7:30,18:30,,,Y,,,,,,,,,,,,,,,,,
笠井幼稚園,笠井幼稚園,浜松市,公立,,,,幼稚園,,浜松市東区笠井町478-1,,34.770805,137.795198,http://www.hamamatsu-pippi.net/shiritai/you_koritsu/2014021908984/,434-1205,,105,,,8:30,14:00,,,N,,,,,,,,,,,,,,,,,
中ノ町幼稚園,中ノ町幼稚園,浜松市,公立,,,,幼稚園,,浜松市東区中野町427-1,,34.729263,137.793528,http://www.hamamatsu-pippi.net/shiritai/you_koritsu/2014021908991/,421-3873,,105,,,8:30,14:00,,,N,,,,,,,,,,,,,,,,,
芳川幼稚園,芳川幼稚園,浜松市,公立,,,,幼稚園,,浜松市南区芳川町190,,34.693024,137.765326,http://www.hamamatsu-pippi.net/shiritai/you_koritsu/2014021909127/,461-5642,,105,,,8:20,14:00,,,N,,,,,,,,,,,,,,,,,
花川幼稚園,花川幼稚園,浜松市,公立,,,,幼稚園,,浜松市中区花川町1908-1,,34.774167,137.687319,http://www.hamamatsu-pippi.net/shiritai/you_koritsu/2014021908946/,436-1209,,105,,,8:30,14:00,,,N,,,,,,,,,,,,,,,,,
豊岡幼稚園,豊岡幼稚園,浜松市,公立,,,,幼稚園,,浜松市北区豊岡町22,,34.786989,137.71942,http://www.hamamatsu-pippi.net/shiritai/you_koritsu/2014021909165/,436-2155,,210,,,8:15,14:00,,,N,,,,,,,,,,,,,,,,,
三方原幼稚園,三方原幼稚園,浜松市,公立,,,,幼稚園,,浜松市北区三方原町284-7,,34.774566,137.710838,http://www.hamamatsu-pippi.net/shiritai/you_koritsu/2014021909172/,436-2516,,105,,,8:30,14:00,,,N,,,,,,,,,,,,,,,,,
初生幼稚園,初生幼稚園,浜松市,公立,,,,幼稚園,,浜松市北区初生町991,,34.76882,137.725979,http://www.hamamatsu-pippi.net/shiritai/you_koritsu/2014021909189/,436-2106,,105,,,8:30,14:00,,,N,,,,,,,,,,,,,,,,,
白脇幼稚園,白脇幼稚園,浜松市,公立,,,,幼稚園,,浜松市南区寺脇町230,,34.681886,137.742681,http://www.hamamatsu-pippi.net/shiritai/you_koritsu/2014021909134/,441-0531,,105,,,7:30,18:30,,,Y,,,,,,,,,,,,,,,,,
飯田幼稚園,飯田幼稚園,浜松市,公立,,,,幼稚園,,浜松市南区飯田町1014,,34.703665,137.773273,http://www.hamamatsu-pippi.net/shiritai/you_koritsu/2014021909141/,461-9555,,105,,,8:30,14:00,,,N,,,,,,,,,,,,,,,,,
神久呂幼稚園,神久呂幼稚園,浜松市,公立,,,,幼稚園,,浜松市西区神ケ谷町7888,,34.726962,137.67068,http://www.hamamatsu-pippi.net/shiritai/you_koritsu/2014021909035/,485-8548,,105,,,8:30,14:00,,,N,,,,,,,,,,,,,,,,,
万斛幼稚園,万斛幼稚園,浜松市,公立,,,,幼稚園,,浜松市東区中郡町895,,34.768355,137.773603,http://www.hamamatsu-pippi.net/shiritai/you_koritsu/2014021909004/,434-0049,,210,,,8:30,14:00,,,N,,,,,,,,,,,,,,,,,
有玉幼稚園,有玉幼稚園,浜松市,公立,,,,幼稚園,,浜松市東区有玉南町585,,34.755805,137.751011,http://www.hamamatsu-pippi.net/shiritai/you_koritsu/2014021909011/,434-0263,,175,,,8:30,14:00,,,N,,,,,,,,,,,,,,,,,
橋爪幼稚園,橋爪幼稚園,浜松市,公立,,,,幼稚園,,浜松市東区西ケ崎町1067,,34.773626,137.767503,http://www.hamamatsu-pippi.net/shiritai/you_koritsu/2014021909028/,434-0329,,210,,,7:30,18:30,,,Y,,,,,,,,,,,,,,,,,
伊佐見幼稚園,伊佐見幼稚園,浜松市,公立,,,,幼稚園,,浜松市西区伊左地町5,,34.744187,137.655717,http://www.hamamatsu-pippi.net/shiritai/you_koritsu/2014021909042/,486-0076,,105,,,8:30,14:00,,,N,,,,,,,,,,,,,,,,,
和地幼稚園,和地幼稚園,浜松市,公立,,,,幼稚園,,浜松市西区和地町1833-2,,34.763579,137.653292,http://www.hamamatsu-pippi.net/shiritai/you_koritsu/2014021909066/,486-0056,,105,,,8:20,14:00,,,N,,,,,,,,,,,,,,,,,
北庄内幼稚園,北庄内幼稚園,浜松市,公立,,,,幼稚園,,浜松市西区舘山寺町110-6,,34.761259,137.627383,http://www.hamamatsu-pippi.net/shiritai/you_koritsu/2014021909073/,487-0553,,105,,,8:30,14:00,,,N,,,,,,,,,,,,,,,,,
村櫛幼稚園,村櫛幼稚園,浜松市,公立,,,,幼稚園,,浜松市西区村櫛町3195,,34.726245,137.591503,http://www.hamamatsu-pippi.net/shiritai/you_koritsu/2014021909080/,489-2250,,105,,,8:30,14:00,,,N,,,,,,,,,,,,,,,,,
可美幼稚園,可美幼稚園,浜松市,公立,,,,幼稚園,,浜松市南区増楽町1199,,34.689373,137.69426,http://www.hamamatsu-pippi.net/shiritai/you_koritsu/2014021909158/,447-0321,,210,,,7:30,18:30,,,Y,,,,,,,,,,,,,,,,,
舞阪幼稚園,舞阪幼稚園,浜松市,公立,,,,幼稚園,,浜松市西区舞阪町舞阪2668-33,,34.679995,137.610363,http://www.hamamatsu-pippi.net/shiritai/you_koritsu/2014021909103/,592-7600,,210,,,8:50,17:00,,,Y,,,,,,,,,,,,,,,,,
雄踏幼稚園,雄踏幼稚園,浜松市,公立,,,,幼稚園,,浜松市西区雄踏町宇布見7406,,34.706891,137.631316,http://www.hamamatsu-pippi.net/shiritai/you_koritsu/2014021909097/,592-3000,,420,,,9:00,17:30,,,Y,,,,,,,,,,,,,,,,,
小松幼稚園,小松幼稚園,浜松市,公立,,,,幼稚園,,浜松市浜北区小松2400,,34.788794,137.77183,http://www.hamamatsu-pippi.net/shiritai/you_koritsu/2014021909325/,586-2002,,175,,,8:50,14:30,,,N,,,,,,,,,,,,,,,,,
平口幼稚園,平口幼稚園,浜松市,公立,,,,幼稚園,,浜松市浜北区平口2583,,34.793857,137.767285,http://www.hamamatsu-pippi.net/shiritai/you_koritsu/2014021909332/,586-2463,,105,,,8:50,14:30,,,N,,,,,,,,,,,,,,,,,
北浜南幼稚園,北浜南幼稚園,浜松市,公立,,,,幼稚園,,浜松市浜北区寺島2436-3,,34.780446,137.793259,http://www.hamamatsu-pippi.net/shiritai/you_koritsu/2014021909356/,586-2993,,210,,,8:50,14:30,,,N,,,,,,,,,,,,,,,,,
北浜中央幼稚園,北浜中央幼稚園,浜松市,公立,,,,幼稚園,,浜松市浜北区西美薗1624-1,,34.801142,137.799187,http://www.hamamatsu-pippi.net/shiritai/you_koritsu/2014021909363/,586-2992,,210,,,8:50,14:30,,,N,,,,,,,,,,,,,,,,,
北浜北幼稚園,北浜北幼稚園,浜松市,公立,,,,幼稚園,,浜松市浜北区小林1522-2,,34.810376,137.791713,http://www.hamamatsu-pippi.net/shiritai/you_koritsu/2014021909370/,586-2092,,105,,,8:50,14:30,,,N,,,,,,,,,,,,,,,,,
北浜東幼稚園,北浜東幼稚園,浜松市,公立,,,,幼稚園,,浜松市浜北区善地1546,,34.791829,137.81005,http://www.hamamatsu-pippi.net/shiritai/you_koritsu/2014021909387/,586-2001,,105,,,8:50,14:30,,,N,,,,,,,,,,,,,,,,,
中瀬幼稚園,中瀬幼稚園,浜松市,公立,,,,幼稚園,,浜北区中瀬3531,,34.824861,137.81205,http://www.hamamatsu-pippi.net/shiritai/you_koritsu/2014021909394/,588-7375,,245,,,7:30,18:30,,,Y,,,,,,,,,,,,,,,,,
上島幼稚園,上島幼稚園,浜松市,公立,,,,幼稚園,,浜松市浜北区上島217,,34.847247,137.817143,http://www.hamamatsu-pippi.net/shiritai/you_koritsu/2014021909400/,583-2709,,105,,,8:50,14:30,,,N,,,,,,,,,,,,,,,,,
赤佐幼稚園,赤佐幼稚園,浜松市,公立,,,,幼稚園,,浜松市浜北区於呂3524-68,,34.840342,137.801011,http://www.hamamatsu-pippi.net/shiritai/you_koritsu/2014021909417/,588-7591,,105,,,7:30,18:30,,,Y,,,,,,,,,,,,,,,,,
赤佐西幼稚園,赤佐西幼稚園,浜松市,公立,,,,幼稚園,,浜松市浜北区於呂2235,,34.831701,137.79219,http://www.hamamatsu-pippi.net/shiritai/you_koritsu/2014021909424/,588-1013,,210,,,8:50,14:30,,,N,,,,,,,,,,,,,,,,,
宮口幼稚園,宮口幼稚園,浜松市,公立,,,,幼稚園,,浜松市浜北区宮口1526-1,,34.824593,137.771101,http://www.hamamatsu-pippi.net/shiritai/you_koritsu/2014021909431/,589-8552,,210,,,8:50,14:30,,,N,,,,,,,,,,,,,,,,,
新原幼稚園,新原幼稚園,浜松市,公立,,,,幼稚園,,浜松市浜北区新原2315,,34.817033,137.781625,http://www.hamamatsu-pippi.net/shiritai/you_koritsu/2014021909448/,589-8413,,210,,,8:50,14:30,,,N,,,,,,,,,,,,,,,,,
二俣幼稚園,二俣幼稚園,浜松市,公立,,,,幼稚園,,浜松市天竜区二俣町二俣158-2,,34.865864,137.821217,http://www.hamamatsu-pippi.net/shiritai/you_koritsu/2014021909455/,925-2077,,210,,,8:45,14:00,,,N,,,,,,,,,,,,,,,,,
光明幼稚園,光明幼稚園,浜松市,公立,,,,幼稚園,,浜松市天竜区山東2314,,34.879673,137.829358,http://www.hamamatsu-pippi.net/shiritai/you_koritsu/2014021909462/,925-2514,,210,,,8:50,14:00,,,N,,,,,,,,,,,,,,,,,
竜川幼稚園,竜川幼稚園,浜松市,公立,,,,幼稚園,,浜松市天竜区横山町547,,34.942746,137.817575,http://www.hamamatsu-pippi.net/shiritai/you_koritsu/2014021909486/,923-0735,,60,,,8:50,14:00,,,N,,,,,,,,,,,,,,,,,
熊幼稚園,熊幼稚園,浜松市,公立,,,,幼稚園,,浜松市天竜区熊2153,,34.95961,137.732981,http://www.hamamatsu-pippi.net/shiritai/you_koritsu/2014021909493/,929-0151,,60,,,8:30,14:00,,,N,,,,,,,,,,,,,,,,,
上阿多古幼稚園,上阿多古幼稚園,浜松市,公立,,,,幼稚園,,浜松市天竜区西藤平1266-1,,34.911887,137.763814,http://www.hamamatsu-pippi.net/shiritai/you_koritsu/2014021909509/,928-0030,,60,,,8:50,14:00,,,N,,,,,,,,,,,,,,,,,
下阿多古幼稚園,下阿多古幼稚園,浜松市,公立,,,,幼稚園,,浜松市天竜区両島762,,34.882958,137.79197,http://www.hamamatsu-pippi.net/shiritai/you_koritsu/2014021909516/,925-6755,,60,,,8:40,14:00,,,N,,,,,,,,,,,,,,,,,
犬居幼稚園,犬居幼稚園,浜松市,公立,,,,幼稚園,,浜松市天竜区春野町堀之内989-1,,34.958813,137.898089,http://www.hamamatsu-pippi.net/shiritai/you_koritsu/2014021909523/,985-0821,,60,,,8:50,14:00,,,N,,,,,,,,,,,,,,,,,
気田幼稚園,気田幼稚園,浜松市,公立,,,,幼稚園,,浜松市天竜区春野町気田624,,35.004611,137.90724,http://www.hamamatsu-pippi.net/shiritai/you_koritsu/2014021909530/,989-0201,,60,,,8:45,14:00,,,N,,,,,,,,,,,,,,,,,
浦川幼稚園,浦川幼稚園,浜松市,公立,,,,幼稚園,,浜松市天竜区佐久間町浦川2799,,35.052211,137.76093,http://www.hamamatsu-pippi.net/shiritai/you_koritsu/2014021909547/,967-3803,,60,,,8:45,17:30,,,Y,,,,,,,,,,,,,,,,,
佐久間幼稚園,佐久間幼稚園,浜松市,公立,,,,幼稚園,,浜松市天竜区佐久間町半場47,,35.087522,137.802164,http://www.hamamatsu-pippi.net/shiritai/you_koritsu/2014021909554/,965-0260,,60,,,8:45,17:30,,,Y,,,,,,,,,,,,,,,,,
西気賀幼稚園,西気賀幼稚園,浜松市,公立,,,,幼稚園,,浜松市北区細江町気賀10052-4,,34.803178,137.62327,http://www.hamamatsu-pippi.net/shiritai/you_koritsu/2014021909196/,523-1149,,105,,,8:30,14:00,,,N,,,,,,,,,,,,,,,,,
伊目幼稚園,伊目幼稚園,浜松市,公立,,,,幼稚園,,浜松市北区細江町気賀3207-1,,34.787342,137.64275,http://www.hamamatsu-pippi.net/shiritai/you_koritsu/2014021909202/,523-1197,,105,,,8:25,14:00,,,N,,,,,,,,,,,,,,,,,
中川幼稚園,中川幼稚園,浜松市,公立,,,,幼稚園,,浜松市北区細江町中川2418-2,,34.80914,137.678454,http://www.hamamatsu-pippi.net/shiritai/you_koritsu/2014021909219/,523-1364,,105,,,8:30,14:00,,,N,,,,,,,,,,,,,,,,,
中央幼稚園,中央幼稚園,浜松市,公立,,,,幼稚園,,浜松市北区細江町気賀304,,34.805901,137.651118,http://www.hamamatsu-pippi.net/shiritai/you_koritsu/2014021909226/,523-0135,,105,,,8:50,14:30,,,N,,,,,,,,,,,,,,,,,
高台幼稚園,高台幼稚園,浜松市,公立,,,,幼稚園,,浜松市北区細江町中川7172-701,,34.794128,137.685312,http://www.hamamatsu-pippi.net/shiritai/you_koritsu/2014021909233/,523-0879,,105,,,8:50,14:30,,,N,,,,,,,,,,,,,,,,,
引佐幼稚園,引佐幼稚園,浜松市,公立,,,,幼稚園,,浜松市北区神宮寺町8-48,,34.831413,137.671157,http://www.hamamatsu-pippi.net/shiritai/you_koritsu/2014021909240/,542-1933,,210,,,7:30,18:00,,,Y,,,,,,,,,,,,,,,,,
金指幼稚園,金指幼稚園,浜松市,公立,,,,幼稚園,,浜松市北区引佐町金指862-3,,34.822953,137.683009,http://www.hamamatsu-pippi.net/shiritai/you_koritsu/2014021909257/,542-2115,,105,,,7:30,18:00,,,Y,,,,,,,,,,,,,,,,,
奥山幼稚園,奥山幼稚園,浜松市,公立,,,,幼稚園,,浜松市北区引佐町奥山1110-1,,34.845868,137.629774,http://www.hamamatsu-pippi.net/shiritai/you_koritsu/2014021909264/,543-0158,,105,,,7:30,18:00,,,Y,,,,,,,,,,,,,,,,,
伊平幼稚園,伊平幼稚園,浜松市,公立,,,,幼稚園,,浜松市北区引佐町伊平778-1,,34.864972,137.661232,http://www.hamamatsu-pippi.net/shiritai/you_koritsu/2014021909271/,544-0718,,60,,,7:30,18:00,,,Y,,,,,,,,,,,,,,,,,
引佐北部みさと幼稚園,引佐北部みさと幼稚園,浜松市,公立,,,,幼稚園,,浜松市北区引佐町田沢432-1,,34.897784,137.656378,http://www.hamamatsu-pippi.net/shiritai/you_koritsu/2014021909288/,544-0739,,60,,,7:30,18:00,,,Y,,,,,,,,,,,,,,,,,
尾奈幼稚園,尾奈幼稚園,浜松市,公立,,,,幼稚園,,浜松市北区三ヶ日町下尾奈1461-1,,34.78483,137.538,http://www.hamamatsu-pippi.net/shiritai/you_koritsu/2014021909295/,524-0011,,60,,,9:00,16:00,,,Y,,,,,,,,,,,,,,,,,
大崎幼稚園,大崎幼稚園,浜松市,公立,,,,幼稚園,,浜松市北区三ヶ日町大崎1665-20,,34.77236,137.563449,http://www.hamamatsu-pippi.net/shiritai/you_koritsu/2014021909301/,526-0517,,60,,,9:00,16:00,,,Y,,,,,,,,,,,,,,,,,
平山幼稚園,平山幼稚園,浜松市,公立,,,,幼稚園,,浜松市北区三ヶ日町平山223-1,,34.825426,137.536842,http://www.hamamatsu-pippi.net/shiritai/you_koritsu/2014021909318/,524-0608,,60,,,9:00,16:00,,,Y,,,,,,,,,,,,,,,,,
内野幼稚園,内野幼稚園,浜松市,公立,,,,幼稚園,,浜松市浜北区内野1648-1,,34.783286,137.756375,http://www.hamamatsu-pippi.net/shiritai/you_koritsu/2014021909349/,586-4777,,210,,,8:50,14:30,,,N,,,,,,,,,,,,,,,,,
浜松中央幼稚園,浜松中央幼稚園,,私立,,,,幼稚園,,浜松市中区尾張町127番地の7,,34.71192,137.730753,http://www.hamamatsu-pippi.net/shiritai/you_shiritsu_jurai/2014021909578/,453-0249,,200,満3歳児保育あり,,8:00,17:00,,,Y,,,,,,,,,,,,,,,,,
萩丘幼稚園,萩丘幼稚園,,私立,,,,幼稚園,,浜松市中区泉二丁目3番10号,,34.742787,137.722905,http://www.hamamatsu-pippi.net/shiritai/you_shiritsu_jurai/2014021909806/,471-2494,,380,満3歳児保育あり,,9:50,18:00,,,Y,,,,,,,,,,,,,,,,,
鴨江幼稚園,鴨江幼稚園,,私立,,,,幼稚園,,浜松市中区鴨江町97番地の3,,34.704577,137.721126,http://www.hamamatsu-pippi.net/shiritai/you_shiritsu_jurai/2014021909585/,452-5456,,420,満3歳児保育あり,,9:50,18:00,,,Y,,,,,,,,,,,,,,,,,
成子幼稚園,成子幼稚園,,私立,,,,幼稚園,,浜松市中区成子町13番地,,34.700549,137.725865,http://www.hamamatsu-pippi.net/shiritai/you_shiritsu_jurai/2014021909691/,452-2451,,280,満3歳児保育あり,,9:00,17:20,,,Y,,,,,,,,,,,,,,,,,
赤門幼稚園,赤門幼稚園,,私立,,,,幼稚園,,浜松市南区新橋町923番地の1,,34.68286,137.706951,http://www.hamamatsu-pippi.net/shiritai/you_shiritsu_jurai/2014021909967/,447-0108,,400,満3歳児保育あり,,7:30,18:00,,,Y,,,,,,,,,,,,,,,,,
富塚幼稚園,富塚幼稚園,,私立,,,,幼稚園,,浜松市中区富塚町659番地,,34.725588,137.705899,http://www.hamamatsu-pippi.net/shiritai/you_shiritsu_jurai/2014021909721/,471-3491,,440,満3歳児保育あり,,7:30,18:30,,,Y,,,,,,,,,,,,,,,,,
佐藤幼稚園,佐藤幼稚園,,私立,,,,幼稚園,,浜松市中区佐藤三丁目15番18号,,34.713021,137.750458,http://www.hamamatsu-pippi.net/shiritai/you_shiritsu_jurai/2014021909738/,463-7882,,170,,,8:00,17:00,,,Y,,,,,,,,,,,,,,,,,
ひくま幼稚園,ひくま幼稚園,,私立,,,,幼稚園,,浜松市中区助信町35番30号,,34.723075,137.735997,http://www.hamamatsu-pippi.net/shiritai/you_shiritsu_jurai/2014021909769/,471-6197,,400,満3歳児保育あり,,7:45,17:30,,,Y,,,,,,,,,,,,,,,,,
普済寺幼稚園,普済寺幼稚園,,私立,,,,幼稚園,,浜松市中区広沢一丁目2番1号,,34.713373,137.719321,http://www.hamamatsu-pippi.net/shiritai/you_shiritsu_jurai/2014021909646/,453-1321,,260,満3歳児保育あり,,7:30,18:00,,,Y,,,,,,,,,,,,,,,,,
蜆塚幼稚園,蜆塚幼稚園,,私立,,,,幼稚園,,浜松市中区蜆塚一丁目20番2号,,34.713748,137.713185,http://www.hamamatsu-pippi.net/shiritai/you_shiritsu_jurai/2014021909653/,452-4426,,90,満3歳児保育あり,,8:00,17:30,,,Y,,,,,,,,,,,,,,,,,
あけぼの幼稚園,あけぼの幼稚園,,私立,,,,幼稚園,,浜松市中区城北二丁目5番28号,,34.721272,137.721109,http://www.hamamatsu-pippi.net/shiritai/you_shiritsu_jurai/2014021909608/,472-5818,,210,満3歳児保育あり,,7:30,18:00,,,Y,,,,,,,,,,,,,,,,,
河輪幼稚園,河輪幼稚園,,私立,,,,幼稚園,,浜松市南区東町238番地の1,,34.679244,137.783924,http://www.hamamatsu-pippi.net/shiritai/you_shiritsu_jurai/2014021910000/,425-2044,,200,満3歳児保育あり,,7:30,17:00,,,Y,,,,,,,,,,,,,,,,,
上島幼稚園,上島幼稚園,,私立,,,,幼稚園,,浜松市中区上島一丁目22番5号,,34.736729,137.741752,http://www.hamamatsu-pippi.net/shiritai/you_shiritsu_jurai/2014021909776/,471-8951,,240,満3歳児保育あり,,7:30,18:00,,,Y,,,,,,,,,,,,,,,,,
昭和幼稚園,昭和幼稚園,,私立,,,,幼稚園,,浜松市中区向宿一丁目8番15号,,34.70648,137.751647,http://www.hamamatsu-pippi.net/shiritai/you_shiritsu_jurai/2014021909745/,461-3344,,270,満3歳児保育あり,,8:00,18:00,,,Y,,,,,,,,,,,,,,,,,
早出幼稚園,早出幼稚園,,私立,,,,幼稚園,,浜松市中区早出町1414番地の1,,34.733779,137.749346,http://www.hamamatsu-pippi.net/shiritai/you_shiritsu_jurai/2014021909783/,464-4618,,180,満3歳児保育あり,,8:00,18:00,,,Y,,,,,,,,,,,,,,,,,
蒲幼稚園,蒲幼稚園,,私立,,,,幼稚園,,浜松市東区神立町480番地,,34.716579,137.75103,http://www.hamamatsu-pippi.net/shiritai/you_shiritsu_jurai/2014021909851/,461-2612,,450,満3歳児保育あり,,8:00,18:00,,,Y,,,,,,,,,,,,,,,,,
駅南幼稚園,駅南幼稚園,,私立,,,,幼稚園,,浜松市中区寺島町478番地,,34.701719,137.740445,http://www.hamamatsu-pippi.net/shiritai/you_shiritsu_jurai/2014021909684/,452-3734,,300,満3歳児保育あり,,8:00,17:30,,,Y,,,,,,,,,,,,,,,,,
朝田幼稚園,朝田幼稚園,,私立,,,,幼稚園,,浜松市中区法枝町116番地の1,,34.685418,137.728027,http://www.hamamatsu-pippi.net/shiritai/you_shiritsu_jurai/2014021909844/,441-0369,,300,満3歳児保育あり,,8:00,17:30,,,Y,,,,,,,,,,,,,,,,,
城北幼稚園,城北幼稚園,,私立,,,,幼稚園,,浜松市中区文丘町27番3号,,34.726563,137.715453,http://www.hamamatsu-pippi.net/shiritai/you_shiritsu_jurai/2014021909622/,472-0336,,300,満3歳児保育あり,,8:00,17:30,,,Y,,,,,,,,,,,,,,,,,
百花幼稚園,百花幼稚園,,私立,,,,幼稚園,,浜松市北区根洗町1497番地の2,,34.79223,137.710263,http://www.hamamatsu-pippi.net/shiritai/you_shiritsu_jurai/2014021910031/,438-0545,,310,,,8:30,17:30,,,Y,,,,,,,,,,,,,,,,,
日本文教幼稚園,日本文教幼稚園,,私立,,,,幼稚園,,浜松市中区常盤町141番地の20,,34.710765,137.732584,http://www.hamamatsu-pippi.net/shiritai/you_shiritsu_jurai/2014021909677/,452-5511,,100,満3歳児保育あり,,7:30,18:00,,,Y,,,,,,,,,,,,,,,,,
青葉幼稚園,青葉幼稚園,,私立,,,,幼稚園,,浜松市中区栄町118番地,,34.704093,137.725837,http://www.hamamatsu-pippi.net/shiritai/you_shiritsu_jurai/2014021909592/,454-0255,,380,満3歳児保育あり,,9:00,18:00,,,Y,,,,,,,,,,,,,,,,,
浜松葵幼稚園,浜松葵幼稚園,,私立,,,,幼稚園,,浜松市中区幸四丁目27番1号,,34.743901,137.730904,http://www.hamamatsu-pippi.net/shiritai/you_shiritsu_jurai/2014021909813/,471-6878,,380,満3歳児保育あり,,9:50,17:30,,,Y,,,,,,,,,,,,,,,,,
浜松学院大学付属幼稚園,浜松学院大学付属幼稚園,,私立,,,,幼稚園,,浜松市中区住吉一丁目22番5号,,34.727255,137.72348,http://www.hamamatsu-pippi.net/shiritai/you_shiritsu_jurai/2014021909820/,472-5193,,260,満3歳児保育あり,,7:30,18:30,,,Y,,,,,,,,,,,,,,,,,
緑ケ丘幼稚園,緑ケ丘幼稚園,,私立,,,,幼稚園,,浜松市中区東伊場一丁目24番6号,,34.700591,137.714835,http://www.hamamatsu-pippi.net/shiritai/you_shiritsu_jurai/2014021909707/,455-1253,,180,満3歳児保育あり,,7:30,17:30,,,Y,,,,,,,,,,,,,,,,,
松城幼稚園,松城幼稚園,,私立,,,,幼稚園,,浜松市中区鹿谷町1番1号,,34.713212,137.72219,http://www.hamamatsu-pippi.net/shiritai/you_shiritsu_jurai/2014021909615/,452-2088,,150,満3歳児保育あり,,9:00,17:00,,,Y,,,,,,,,,,,,,,,,,
入野幼稚園,入野幼稚園,,私立,,,,幼稚園,,浜松市西区入野町8834番地の1,,34.700719,137.685583,http://www.hamamatsu-pippi.net/shiritai/you_shiritsu_jurai/2014021909929/,447-1165,,190,満3歳児保育あり,,10:00,17:30,,,Y,,,,,,,,,,,,,,,,,
さなる幼稚園,さなる幼稚園,,私立,,,,幼稚園,,浜松市西区大平台四丁目9番1号,,34.710031,137.678522,http://www.hamamatsu-pippi.net/shiritai/you_shiritsu_jurai/2014021909905/,485-7502,,345,,,8:00,17:00,,,Y,,,,,,,,,,,,,,,,,
花園幼稚園,花園幼稚園,,私立,,,,幼稚園,,浜松市西区篠原町9376番地,,34.687678,137.658444,http://www.hamamatsu-pippi.net/shiritai/you_shiritsu_jurai/2014021909936/,447-2336,,360,満3歳児保育あり,,7:30,18:00,,,Y,,,,,,,,,,,,,,,,,
志都呂幼稚園,志都呂幼稚園,,私立,,,,幼稚園,,浜松市西区志都呂町1302番地,,34.701181,137.655671,http://www.hamamatsu-pippi.net/shiritai/you_shiritsu_jurai/2014021909912/,448-1283,,270,,,10:00,17:30,,,Y,,,,,,,,,,,,,,,,,
あすなろ幼稚園,あすなろ幼稚園,,私立,,,,幼稚園,,浜松市南区遠州浜一丁目10番2号,,34.65714,137.76119,http://www.hamamatsu-pippi.net/shiritai/you_shiritsu_jurai/2014021909974/,425-2433,,180,満3歳児保育あり,,9:30,17:00,,,Y,,,,,,,,,,,,,,,,,
浜松海の星幼稚園,浜松海の星幼稚園,,私立,,,,幼稚園,,浜松市中区蜆塚三丁目14番3号,,34.715142,137.706838,http://www.hamamatsu-pippi.net/shiritai/you_shiritsu_jurai/2014021909639/,455-3641,,200,満3歳児保育あり,,7:30,18:00,,,Y,,,,,,,,,,,,,,,,,
海の星鷺の宮幼稚園,海の星鷺の宮幼稚園,,私立,,,,幼稚園,,浜松市東区大瀬町27番地の32,,34.754759,137.764691,http://www.hamamatsu-pippi.net/shiritai/you_shiritsu_jurai/2014021909882/,434-0051,,200,満3歳児保育あり,,9:00,18:00,,,Y,,,,,,,,,,,,,,,,,
美波幼稚園,美波幼稚園,,私立,,,,幼稚園,,浜松市南区大柳町50番地,,34.678401,137.753875,http://www.hamamatsu-pippi.net/shiritai/you_shiritsu_jurai/2014021909981/,444-3735,,200,,,8:00,17:30,,,Y,,,,,,,,,,,,,,,,,
湖東幼稚園,湖東幼稚園,,私立,,,,幼稚園,,浜松市西区湖東町1169番地の179,,34.762662,137.664544,http://www.hamamatsu-pippi.net/shiritai/you_shiritsu_jurai/2014021909899/,486-1010,,400,満3歳児保育あり,,7:30,17:30,,,Y,,,,,,,,,,,,,,,,,
追分幼稚園,追分幼稚園,,私立,,,,幼稚園,,浜松市中区葵東二丁目10番23号,,34.760438,137.723826,http://www.hamamatsu-pippi.net/shiritai/you_shiritsu_jurai/2014021909790/,437-2831,,320,,,8:00,17:30,,,Y,,,,,,,,,,,,,,,,,
篠ケ瀬幼稚園,篠ケ瀬幼稚園,,私立,,,,幼稚園,,浜松市東区篠ヶ瀬町286番地,,34.728776,137.772994,http://www.hamamatsu-pippi.net/shiritai/you_shiritsu_jurai/2014021909868/,464-8424,,200,,,9:30,17:00,,,Y,,,,,,,,,,,,,,,,,
旭ケ丘幼稚園,旭ケ丘幼稚園,,私立,,,,幼稚園,,浜松市北区初生町1139番地,,34.771431,137.730995,http://www.hamamatsu-pippi.net/shiritai/you_shiritsu_jurai/2014021910024/,437-4873,,440,,,7:00,18:00,,,Y,,,,,,,,,,,,,,,,,
浜名幼稚園,浜名幼稚園,,私立,,,,幼稚園,,浜松市西区舞阪町浜田76番地,,34.682632,137.615496,http://www.hamamatsu-pippi.net/shiritai/you_shiritsu_jurai/2014021909950/,592-0850,,100,満3歳児保育あり,,8:00,18:00,,,Y,,,,,,,,,,,,,,,,,
気賀幼稚園,気賀幼稚園,,私立,,,,幼稚園,,浜松市北区細江町気賀997番地の1,,34.809805,137.65263,http://www.hamamatsu-pippi.net/shiritai/you_shiritsu_jurai/2014021910055/,522-0313,,180,満3歳児保育あり,,9:30,18:00,,,Y,,,,,,,,,,,,,,,,,
北浜幼稚園,北浜幼稚園,,私立,,,,幼稚園,,浜松市浜北区貴布祢409番地,,34.795305,137.785789,http://www.hamamatsu-pippi.net/shiritai/you_shiritsu_jurai/2014021910079/,586-2855,,600,満3歳児保育あり,,7:30,18:30,,,Y,,,,,,,,,,,,,,,,,
佐鳴台幼稚園,佐鳴台幼稚園,,私立,,,,幼稚園,,浜松市中区佐鳴台二丁目26番1号,,34.704257,137.693562,http://www.hamamatsu-pippi.net/shiritai/you_shiritsu_jurai/2014021909714/,448-7190,,210,満3歳児保育あり,,10:00,17:30,,,Y,,,,,,,,,,,,,,,,,
平成幼稚園,平成幼稚園,,私立,,,,幼稚園,,浜松市中区高丘北三丁目16番14号,,34.765427,137.700201,http://www.hamamatsu-pippi.net/shiritai/you_shiritsu_jurai/2014021909837/,438-2800,,360,満3歳児保育あり,,8:00,17:30,,,Y,,,,,,,,,,,,,,,,,
三松幼稚園,三松幼稚園,,私立,,,,幼稚園,,浜松市北区三ヶ日町三ヶ日432番地,,34.808948,137.555394,http://www.hamamatsu-pippi.net/shiritai/you_shiritsu_jurai/2014021910062/,525-3434,,160,満3歳児保育あり,,7:30,17:30,,,Y,,,,,,,,,,,,,,,,,
水窪幼稚園,水窪幼稚園,,私立,,,,幼稚園,,浜松市天竜区水窪町奥領家3184番地,,35.167648,137.866518,http://www.hamamatsu-pippi.net/shiritai/you_shiritsu_jurai/2014021910086/,987-0769,,70,満3歳児保育あり,,7:30,17:00,,,Y,,,,,,,,,,,,,,,,,
天王幼稚園,天王幼稚園,,私立,,,,幼稚園,,浜松市東区天王町943番地,,34.734028,137.776416,http://www.hamamatsu-pippi.net/shiritai/you_shiritsu/2014021909875/,421-6979,,400,満3歳児保育あり,,8:00,17:00,,,Y,,,,,,,,,,,,,,,,,
